2026-04-25 19:04:01,491 [Worker-7: Loading available Gradle versions] INFO  o.e.b.c.i.u.g.PublishedGradleVersions - Gradle version information cache is up-to-date. Trying to read.
2026-05-09 17:10:51,530 [Worker-2: Loading available Gradle versions] INFO  o.e.b.c.i.u.g.PublishedGradleVersions - Gradle version information cache is out-of-date. Trying to update.
2026-05-17 18:10:50,435 [ModalContext] INFO  o.e.m.c.i.e.AbstractTransferListenerAdapter - Downloading https://repo.maven.apache.org/maven2/org/apache/maven/archetypes/maven-archetype-quickstart/1.1/maven-archetype-quickstart-1.1.pom
2026-05-17 18:10:50,454 [ModalContext] INFO  o.e.m.c.i.e.AbstractTransferListenerAdapter - Downloaded https://repo.maven.apache.org/maven2/org/apache/maven/archetypes/maven-archetype-quickstart/1.1/maven-archetype-quickstart-1.1.pom
2026-05-17 18:10:50,531 [ModalContext] INFO  o.e.m.c.i.e.AbstractTransferListenerAdapter - Downloading https://repo.maven.apache.org/maven2/org/apache/maven/archetypes/maven-archetype-bundles/4/maven-archetype-bundles-4.pom
2026-05-17 18:10:50,536 [ModalContext] INFO  o.e.m.c.i.e.AbstractTransferListenerAdapter - Downloaded https://repo.maven.apache.org/maven2/org/apache/maven/archetypes/maven-archetype-bundles/4/maven-archetype-bundles-4.pom
2026-05-17 18:10:50,588 [ModalContext] INFO  o.e.m.c.i.e.AbstractTransferListenerAdapter - Downloading https://repo.maven.apache.org/maven2/org/apache/maven/archetype/maven-archetype/2.0-alpha-5/maven-archetype-2.0-alpha-5.pom
2026-05-17 18:10:50,598 [ModalContext] INFO  o.e.m.c.i.e.AbstractTransferListenerAdapter - Downloaded https://repo.maven.apache.org/maven2/org/apache/maven/archetype/maven-archetype/2.0-alpha-5/maven-archetype-2.0-alpha-5.pom
2026-05-17 18:10:50,678 [ModalContext] INFO  o.e.m.c.i.e.AbstractTransferListenerAdapter - Downloading https://repo.maven.apache.org/maven2/org/apache/maven/archetypes/maven-archetype-quickstart/1.1/maven-archetype-quickstart-1.1.jar
2026-05-17 18:10:50,698 [ModalContext] INFO  o.e.m.c.i.e.AbstractTransferListenerAdapter - Downloaded https://repo.maven.apache.org/maven2/org/apache/maven/archetypes/maven-archetype-quickstart/1.1/maven-archetype-quickstart-1.1.jar
2026-05-17 18:11:58,828 [Worker-323: Launching mavenrun-fd0ea494-d778-4e7a-81fa-3ba045a3b148] INFO  o.eclipse.m2e.core.internal.Bundles - getClasspathEntries(Bundle=org.eclipse.m2e.maven.runtime_3.9.900.20240824-1409 [642])
2026-05-17 18:11:58,832 [Worker-323: Launching mavenrun-fd0ea494-d778-4e7a-81fa-3ba045a3b148] INFO  o.eclipse.m2e.core.internal.Bundles - 	Entry: C:\Users\admin\.p2\pool\plugins\org.eclipse.m2e.maven.runtime_3.9.900.20240824-1409
2026-05-17 18:11:58,834 [Worker-323: Launching mavenrun-fd0ea494-d778-4e7a-81fa-3ba045a3b148] INFO  o.eclipse.m2e.core.internal.Bundles - 	Entry: C:\Users\admin\.p2\pool\plugins\org.eclipse.m2e.maven.runtime_3.9.900.20240824-1409\jars\aopalliance-1.0.jar
2026-05-17 18:11:58,834 [Worker-323: Launching mavenrun-fd0ea494-d778-4e7a-81fa-3ba045a3b148] INFO  o.eclipse.m2e.core.internal.Bundles - 	Entry: C:\Users\admin\.p2\pool\plugins\org.eclipse.m2e.maven.runtime_3.9.900.20240824-1409\jars\guice-5.1.0.jar
2026-05-17 18:11:58,835 [Worker-323: Launching mavenrun-fd0ea494-d778-4e7a-81fa-3ba045a3b148] INFO  o.eclipse.m2e.core.internal.Bundles - 	Entry: C:\Users\admin\.p2\pool\plugins\org.eclipse.m2e.maven.runtime_3.9.900.20240824-1409\jars\httpclient-4.5.14.jar
2026-05-17 18:11:58,835 [Worker-323: Launching mavenrun-fd0ea494-d778-4e7a-81fa-3ba045a3b148] INFO  o.eclipse.m2e.core.internal.Bundles - 	Entry: C:\Users\admin\.p2\pool\plugins\org.eclipse.m2e.maven.runtime_3.9.900.20240824-1409\jars\httpcore-4.4.16.jar
2026-05-17 18:11:58,835 [Worker-323: Launching mavenrun-fd0ea494-d778-4e7a-81fa-3ba045a3b148] INFO  o.eclipse.m2e.core.internal.Bundles - 	Entry: C:\Users\admin\.p2\pool\plugins\org.eclipse.m2e.maven.runtime_3.9.900.20240824-1409\jars\jansi-2.4.1.jar
2026-05-17 18:11:58,835 [Worker-323: Launching mavenrun-fd0ea494-d778-4e7a-81fa-3ba045a3b148] INFO  o.eclipse.m2e.core.internal.Bundles - 	Entry: C:\Users\admin\.p2\pool\plugins\org.eclipse.m2e.maven.runtime_3.9.900.20240824-1409\jars\jcl-over-slf4j-1.7.36.jar
2026-05-17 18:11:58,836 [Worker-323: Launching mavenrun-fd0ea494-d778-4e7a-81fa-3ba045a3b148] INFO  o.eclipse.m2e.core.internal.Bundles - 	Entry: C:\Users\admin\.p2\pool\plugins\org.eclipse.m2e.maven.runtime_3.9.900.20240824-1409\jars\maven-artifact-3.9.9.jar
2026-05-17 18:11:58,836 [Worker-323: Launching mavenrun-fd0ea494-d778-4e7a-81fa-3ba045a3b148] INFO  o.eclipse.m2e.core.internal.Bundles - 	Entry: C:\Users\admin\.p2\pool\plugins\org.eclipse.m2e.maven.runtime_3.9.900.20240824-1409\jars\maven-builder-support-3.9.9.jar
2026-05-17 18:11:58,836 [Worker-323: Launching mavenrun-fd0ea494-d778-4e7a-81fa-3ba045a3b148] INFO  o.eclipse.m2e.core.internal.Bundles - 	Entry: C:\Users\admin\.p2\pool\plugins\org.eclipse.m2e.maven.runtime_3.9.900.20240824-1409\jars\maven-compat-3.9.9.jar
2026-05-17 18:11:58,836 [Worker-323: Launching mavenrun-fd0ea494-d778-4e7a-81fa-3ba045a3b148] INFO  o.eclipse.m2e.core.internal.Bundles - 	Entry: C:\Users\admin\.p2\pool\plugins\org.eclipse.m2e.maven.runtime_3.9.900.20240824-1409\jars\maven-core-3.9.9.jar
2026-05-17 18:11:58,838 [Worker-323: Launching mavenrun-fd0ea494-d778-4e7a-81fa-3ba045a3b148] INFO  o.eclipse.m2e.core.internal.Bundles - 	Entry: C:\Users\admin\.p2\pool\plugins\org.eclipse.m2e.maven.runtime_3.9.900.20240824-1409\jars\maven-embedder-3.9.9.jar
2026-05-17 18:11:58,838 [Worker-323: Launching mavenrun-fd0ea494-d778-4e7a-81fa-3ba045a3b148] INFO  o.eclipse.m2e.core.internal.Bundles - 	Entry: C:\Users\admin\.p2\pool\plugins\org.eclipse.m2e.maven.runtime_3.9.900.20240824-1409\jars\maven-model-3.9.9.jar
2026-05-17 18:11:58,839 [Worker-323: Launching mavenrun-fd0ea494-d778-4e7a-81fa-3ba045a3b148] INFO  o.eclipse.m2e.core.internal.Bundles - 	Entry: C:\Users\admin\.p2\pool\plugins\org.eclipse.m2e.maven.runtime_3.9.900.20240824-1409\jars\maven-model-builder-3.9.9.jar
2026-05-17 18:11:58,839 [Worker-323: Launching mavenrun-fd0ea494-d778-4e7a-81fa-3ba045a3b148] INFO  o.eclipse.m2e.core.internal.Bundles - 	Entry: C:\Users\admin\.p2\pool\plugins\org.eclipse.m2e.maven.runtime_3.9.900.20240824-1409\jars\maven-plugin-api-3.9.9.jar
2026-05-17 18:11:58,841 [Worker-323: Launching mavenrun-fd0ea494-d778-4e7a-81fa-3ba045a3b148] INFO  o.eclipse.m2e.core.internal.Bundles - 	Entry: C:\Users\admin\.p2\pool\plugins\org.eclipse.m2e.maven.runtime_3.9.900.20240824-1409\jars\maven-repository-metadata-3.9.9.jar
2026-05-17 18:11:58,841 [Worker-323: Launching mavenrun-fd0ea494-d778-4e7a-81fa-3ba045a3b148] INFO  o.eclipse.m2e.core.internal.Bundles - 	Entry: C:\Users\admin\.p2\pool\plugins\org.eclipse.m2e.maven.runtime_3.9.900.20240824-1409\jars\maven-resolver-api-1.9.22.jar
2026-05-17 18:11:58,841 [Worker-323: Launching mavenrun-fd0ea494-d778-4e7a-81fa-3ba045a3b148] INFO  o.eclipse.m2e.core.internal.Bundles - 	Entry: C:\Users\admin\.p2\pool\plugins\org.eclipse.m2e.maven.runtime_3.9.900.20240824-1409\jars\maven-resolver-connector-basic-1.9.22.jar
2026-05-17 18:11:58,842 [Worker-323: Launching mavenrun-fd0ea494-d778-4e7a-81fa-3ba045a3b148] INFO  o.eclipse.m2e.core.internal.Bundles - 	Entry: C:\Users\admin\.p2\pool\plugins\org.eclipse.m2e.maven.runtime_3.9.900.20240824-1409\jars\maven-resolver-impl-1.9.22.jar
2026-05-17 18:11:58,842 [Worker-323: Launching mavenrun-fd0ea494-d778-4e7a-81fa-3ba045a3b148] INFO  o.eclipse.m2e.core.internal.Bundles - 	Entry: C:\Users\admin\.p2\pool\plugins\org.eclipse.m2e.maven.runtime_3.9.900.20240824-1409\jars\maven-resolver-named-locks-1.9.22.jar
2026-05-17 18:11:58,842 [Worker-323: Launching mavenrun-fd0ea494-d778-4e7a-81fa-3ba045a3b148] INFO  o.eclipse.m2e.core.internal.Bundles - 	Entry: C:\Users\admin\.p2\pool\plugins\org.eclipse.m2e.maven.runtime_3.9.900.20240824-1409\jars\maven-resolver-provider-3.9.9.jar
2026-05-17 18:11:58,843 [Worker-323: Launching mavenrun-fd0ea494-d778-4e7a-81fa-3ba045a3b148] INFO  o.eclipse.m2e.core.internal.Bundles - 	Entry: C:\Users\admin\.p2\pool\plugins\org.eclipse.m2e.maven.runtime_3.9.900.20240824-1409\jars\maven-resolver-spi-1.9.22.jar
2026-05-17 18:11:58,843 [Worker-323: Launching mavenrun-fd0ea494-d778-4e7a-81fa-3ba045a3b148] INFO  o.eclipse.m2e.core.internal.Bundles - 	Entry: C:\Users\admin\.p2\pool\plugins\org.eclipse.m2e.maven.runtime_3.9.900.20240824-1409\jars\maven-resolver-transport-file-1.9.22.jar
2026-05-17 18:11:58,843 [Worker-323: Launching mavenrun-fd0ea494-d778-4e7a-81fa-3ba045a3b148] INFO  o.eclipse.m2e.core.internal.Bundles - 	Entry: C:\Users\admin\.p2\pool\plugins\org.eclipse.m2e.maven.runtime_3.9.900.20240824-1409\jars\maven-resolver-transport-http-1.9.22.jar
2026-05-17 18:11:58,844 [Worker-323: Launching mavenrun-fd0ea494-d778-4e7a-81fa-3ba045a3b148] INFO  o.eclipse.m2e.core.internal.Bundles - 	Entry: C:\Users\admin\.p2\pool\plugins\org.eclipse.m2e.maven.runtime_3.9.900.20240824-1409\jars\maven-resolver-transport-wagon-1.9.22.jar
2026-05-17 18:11:58,844 [Worker-323: Launching mavenrun-fd0ea494-d778-4e7a-81fa-3ba045a3b148] INFO  o.eclipse.m2e.core.internal.Bundles - 	Entry: C:\Users\admin\.p2\pool\plugins\org.eclipse.m2e.maven.runtime_3.9.900.20240824-1409\jars\maven-resolver-util-1.9.22.jar
2026-05-17 18:11:58,844 [Worker-323: Launching mavenrun-fd0ea494-d778-4e7a-81fa-3ba045a3b148] INFO  o.eclipse.m2e.core.internal.Bundles - 	Entry: C:\Users\admin\.p2\pool\plugins\org.eclipse.m2e.maven.runtime_3.9.900.20240824-1409\jars\maven-settings-3.9.9.jar
2026-05-17 18:11:58,845 [Worker-323: Launching mavenrun-fd0ea494-d778-4e7a-81fa-3ba045a3b148] INFO  o.eclipse.m2e.core.internal.Bundles - 	Entry: C:\Users\admin\.p2\pool\plugins\org.eclipse.m2e.maven.runtime_3.9.900.20240824-1409\jars\maven-settings-builder-3.9.9.jar
2026-05-17 18:11:58,845 [Worker-323: Launching mavenrun-fd0ea494-d778-4e7a-81fa-3ba045a3b148] INFO  o.eclipse.m2e.core.internal.Bundles - 	Entry: C:\Users\admin\.p2\pool\plugins\org.eclipse.m2e.maven.runtime_3.9.900.20240824-1409\jars\maven-shared-utils-3.4.2.jar
2026-05-17 18:11:58,845 [Worker-323: Launching mavenrun-fd0ea494-d778-4e7a-81fa-3ba045a3b148] INFO  o.eclipse.m2e.core.internal.Bundles - 	Entry: C:\Users\admin\.p2\pool\plugins\org.eclipse.m2e.maven.runtime_3.9.900.20240824-1409\jars\org.eclipse.sisu.inject-0.9.0.M3.jar
2026-05-17 18:11:58,845 [Worker-323: Launching mavenrun-fd0ea494-d778-4e7a-81fa-3ba045a3b148] INFO  o.eclipse.m2e.core.internal.Bundles - 	Entry: C:\Users\admin\.p2\pool\plugins\org.eclipse.m2e.maven.runtime_3.9.900.20240824-1409\jars\org.eclipse.sisu.plexus-0.9.0.M3.jar
2026-05-17 18:11:58,845 [Worker-323: Launching mavenrun-fd0ea494-d778-4e7a-81fa-3ba045a3b148] INFO  o.eclipse.m2e.core.internal.Bundles - 	Entry: C:\Users\admin\.p2\pool\plugins\org.eclipse.m2e.maven.runtime_3.9.900.20240824-1409\jars\plexus-build-api-0.0.7.jar
2026-05-17 18:11:58,846 [Worker-323: Launching mavenrun-fd0ea494-d778-4e7a-81fa-3ba045a3b148] INFO  o.eclipse.m2e.core.internal.Bundles - 	Entry: C:\Users\admin\.p2\pool\plugins\org.eclipse.m2e.maven.runtime_3.9.900.20240824-1409\jars\plexus-build-api-1.2.0.jar
2026-05-17 18:11:58,846 [Worker-323: Launching mavenrun-fd0ea494-d778-4e7a-81fa-3ba045a3b148] INFO  o.eclipse.m2e.core.internal.Bundles - 	Entry: C:\Users\admin\.p2\pool\plugins\org.eclipse.m2e.maven.runtime_3.9.900.20240824-1409\jars\plexus-cipher-2.0.jar
2026-05-17 18:11:58,846 [Worker-323: Launching mavenrun-fd0ea494-d778-4e7a-81fa-3ba045a3b148] INFO  o.eclipse.m2e.core.internal.Bundles - 	Entry: C:\Users\admin\.p2\pool\plugins\org.eclipse.m2e.maven.runtime_3.9.900.20240824-1409\jars\plexus-classworlds-2.8.0.jar
2026-05-17 18:11:58,846 [Worker-323: Launching mavenrun-fd0ea494-d778-4e7a-81fa-3ba045a3b148] INFO  o.eclipse.m2e.core.internal.Bundles - 	Entry: C:\Users\admin\.p2\pool\plugins\org.eclipse.m2e.maven.runtime_3.9.900.20240824-1409\jars\plexus-component-annotations-2.1.0.jar
2026-05-17 18:11:58,848 [Worker-323: Launching mavenrun-fd0ea494-d778-4e7a-81fa-3ba045a3b148] INFO  o.eclipse.m2e.core.internal.Bundles - 	Entry: C:\Users\admin\.p2\pool\plugins\org.eclipse.m2e.maven.runtime_3.9.900.20240824-1409\jars\plexus-interpolation-1.27.jar
2026-05-17 18:11:58,848 [Worker-323: Launching mavenrun-fd0ea494-d778-4e7a-81fa-3ba045a3b148] INFO  o.eclipse.m2e.core.internal.Bundles - 	Entry: C:\Users\admin\.p2\pool\plugins\org.eclipse.m2e.maven.runtime_3.9.900.20240824-1409\jars\plexus-sec-dispatcher-2.0.jar
2026-05-17 18:11:58,848 [Worker-323: Launching mavenrun-fd0ea494-d778-4e7a-81fa-3ba045a3b148] INFO  o.eclipse.m2e.core.internal.Bundles - 	Entry: C:\Users\admin\.p2\pool\plugins\org.eclipse.m2e.maven.runtime_3.9.900.20240824-1409\jars\plexus-utils-3.5.1.jar
2026-05-17 18:11:58,849 [Worker-323: Launching mavenrun-fd0ea494-d778-4e7a-81fa-3ba045a3b148] INFO  o.eclipse.m2e.core.internal.Bundles - 	Entry: C:\Users\admin\.p2\pool\plugins\org.eclipse.m2e.maven.runtime_3.9.900.20240824-1409\jars\plexus-xml-3.0.1.jar
2026-05-17 18:11:58,849 [Worker-323: Launching mavenrun-fd0ea494-d778-4e7a-81fa-3ba045a3b148] INFO  o.eclipse.m2e.core.internal.Bundles - 	Entry: C:\Users\admin\.p2\pool\plugins\org.eclipse.m2e.maven.runtime_3.9.900.20240824-1409\jars\wagon-file-3.5.3.jar
2026-05-17 18:11:58,849 [Worker-323: Launching mavenrun-fd0ea494-d778-4e7a-81fa-3ba045a3b148] INFO  o.eclipse.m2e.core.internal.Bundles - 	Entry: C:\Users\admin\.p2\pool\plugins\org.eclipse.m2e.maven.runtime_3.9.900.20240824-1409\jars\wagon-http-3.5.3.jar
2026-05-17 18:11:58,850 [Worker-323: Launching mavenrun-fd0ea494-d778-4e7a-81fa-3ba045a3b148] INFO  o.eclipse.m2e.core.internal.Bundles - 	Entry: C:\Users\admin\.p2\pool\plugins\org.eclipse.m2e.maven.runtime_3.9.900.20240824-1409\jars\wagon-http-shared-3.5.3.jar
2026-05-17 18:11:58,850 [Worker-323: Launching mavenrun-fd0ea494-d778-4e7a-81fa-3ba045a3b148] INFO  o.eclipse.m2e.core.internal.Bundles - 	Entry: C:\Users\admin\.p2\pool\plugins\org.eclipse.m2e.maven.runtime_3.9.900.20240824-1409\jars\wagon-provider-api-3.5.3.jar
2026-05-17 18:11:58,852 [Worker-323: Launching mavenrun-fd0ea494-d778-4e7a-81fa-3ba045a3b148] INFO  o.eclipse.m2e.core.internal.Bundles - getClasspathEntries(Bundle=com.google.guava_33.3.0.jre [16])
2026-05-17 18:11:58,853 [Worker-323: Launching mavenrun-fd0ea494-d778-4e7a-81fa-3ba045a3b148] INFO  o.eclipse.m2e.core.internal.Bundles - 	Entry: C:\Users\admin\.p2\pool\plugins\com.google.guava_33.3.0.jre.jar
2026-05-17 18:11:58,853 [Worker-323: Launching mavenrun-fd0ea494-d778-4e7a-81fa-3ba045a3b148] INFO  o.eclipse.m2e.core.internal.Bundles - getClasspathEntries(Bundle=slf4j.api_2.0.16 [1007])
2026-05-17 18:11:58,854 [Worker-323: Launching mavenrun-fd0ea494-d778-4e7a-81fa-3ba045a3b148] INFO  o.eclipse.m2e.core.internal.Bundles - 	Entry: C:\Users\admin\.p2\pool\plugins\slf4j.api_2.0.16.jar
2026-05-17 18:11:58,854 [Worker-323: Launching mavenrun-fd0ea494-d778-4e7a-81fa-3ba045a3b148] INFO  o.eclipse.m2e.core.internal.Bundles - getClasspathEntries(Bundle=jakarta.inject.jakarta.inject-api_1.0.5 [34])
2026-05-17 18:11:58,855 [Worker-323: Launching mavenrun-fd0ea494-d778-4e7a-81fa-3ba045a3b148] INFO  o.eclipse.m2e.core.internal.Bundles - 	Entry: C:\Users\admin\.p2\pool\plugins\jakarta.inject.jakarta.inject-api_1.0.5.jar
2026-05-17 18:11:58,855 [Worker-323: Launching mavenrun-fd0ea494-d778-4e7a-81fa-3ba045a3b148] INFO  o.eclipse.m2e.core.internal.Bundles - getClasspathEntries(Bundle=jakarta.annotation-api_1.3.5 [29])
2026-05-17 18:11:58,855 [Worker-323: Launching mavenrun-fd0ea494-d778-4e7a-81fa-3ba045a3b148] INFO  o.eclipse.m2e.core.internal.Bundles - 	Entry: C:\Users\admin\.p2\pool\plugins\jakarta.annotation-api_1.3.5.jar
2026-05-17 18:11:58,855 [Worker-323: Launching mavenrun-fd0ea494-d778-4e7a-81fa-3ba045a3b148] INFO  o.eclipse.m2e.core.internal.Bundles - getClasspathEntries(Bundle=org.apache.commons.cli_1.9.0 [78])
2026-05-17 18:11:58,856 [Worker-323: Launching mavenrun-fd0ea494-d778-4e7a-81fa-3ba045a3b148] INFO  o.eclipse.m2e.core.internal.Bundles - 	Entry: C:\Users\admin\.p2\pool\plugins\org.apache.commons.cli_1.9.0.jar
2026-05-17 18:11:58,857 [Worker-323: Launching mavenrun-fd0ea494-d778-4e7a-81fa-3ba045a3b148] INFO  o.eclipse.m2e.core.internal.Bundles - getClasspathEntries(Bundle=org.apache.commons.commons-codec_1.16.0 [81])
2026-05-17 18:11:58,857 [Worker-323: Launching mavenrun-fd0ea494-d778-4e7a-81fa-3ba045a3b148] INFO  o.eclipse.m2e.core.internal.Bundles - 	Entry: C:\Users\admin\.p2\pool\plugins\org.apache.commons.commons-codec_1.16.0.jar
2026-05-17 18:11:58,857 [Worker-323: Launching mavenrun-fd0ea494-d778-4e7a-81fa-3ba045a3b148] INFO  o.eclipse.m2e.core.internal.Bundles - getClasspathEntries(Bundle=com.google.guava.failureaccess_1.0.2 [17])
2026-05-17 18:11:58,858 [Worker-323: Launching mavenrun-fd0ea494-d778-4e7a-81fa-3ba045a3b148] INFO  o.eclipse.m2e.core.internal.Bundles - 	Entry: C:\Users\admin\.p2\pool\plugins\com.google.guava.failureaccess_1.0.2.jar
2026-05-17 18:11:58,864 [Worker-323: Launching mavenrun-fd0ea494-d778-4e7a-81fa-3ba045a3b148] INFO  o.e.m.i.launch.MavenLaunchDelegate - Run build in "C:\Users\admin\AppData\Local\Temp\m2e-archetypeGenerator2063423183471198670":
2026-05-17 18:11:58,866 [Worker-323: Launching mavenrun-fd0ea494-d778-4e7a-81fa-3ba045a3b148] INFO  o.e.m.i.launch.MavenLaunchDelegate -  mvn  -DarchetypeGroupId=org.apache.maven.archetypes -DarchetypeArtifactId=maven-archetype-quickstart -DarchetypeVersion=1.1 -DgroupId=com.demo -DartifactId=maven-demo -Dversion=0.0.1-SNAPSHOT -Dpackage=com.demo.maven_demo -DoutputDirectory=C:\JBLD94 -Dstyle.color=always -U archetype:generate
2026-05-17 18:26:32,934 [Worker-1: Loading available Gradle versions] INFO  o.e.b.c.i.u.g.PublishedGradleVersions - Gradle version information cache is out-of-date. Trying to update.
2026-05-17 18:27:22,370 [Worker-21: Creating project "maven-demo"] INFO  o.e.m.c.i.l.LifecycleMappingFactory - Using org.eclipse.m2e.jdt.JarLifecycleMapping lifecycle mapping for MavenProject: com.demo:maven-demo:0.0.1-SNAPSHOT @ C:\JBLD94\maven-demo\pom.xml.
2026-05-17 18:27:23,199 [Worker-21: Creating project "maven-demo"] INFO  o.e.m.j.i.AbstractJavaProjectConfigurator - Adding source folder /maven-demo/src/main/java
2026-05-17 18:27:23,205 [Worker-21: Creating project "maven-demo"] INFO  o.e.m.j.i.AbstractJavaProjectConfigurator - Adding resource folder /maven-demo/src/main/resources
2026-05-17 18:27:23,205 [Worker-21: Creating project "maven-demo"] INFO  o.e.m.j.i.AbstractJavaProjectConfigurator - Adding source folder /maven-demo/src/test/java
2026-05-17 18:27:23,207 [Worker-21: Creating project "maven-demo"] INFO  o.e.m.j.i.AbstractJavaProjectConfigurator - Adding resource folder /maven-demo/src/test/resources
2026-05-17 18:27:24,035 [Worker-6: Building] WARN  o.a.m.s.f.DefaultMavenResourcesFiltering - Using platform encoding (UTF-8 actually) to copy filtered resources, i.e. build is platform dependent!
2026-05-17 18:27:24,044 [Worker-6: Building] INFO  o.a.m.s.f.DefaultMavenResourcesFiltering - Copying 0 resource from src\main\resources to target\classes
2026-05-17 18:27:24,052 [Worker-6: Building] WARN  o.a.m.s.f.DefaultMavenResourcesFiltering - Using platform encoding (UTF-8 actually) to copy filtered resources, i.e. build is platform dependent!
2026-05-17 18:27:24,053 [Worker-6: Building] INFO  o.a.m.s.f.DefaultMavenResourcesFiltering - Copying 0 resource from src\test\resources to target\test-classes
2026-05-17 18:30:00,984 [Worker-5: Building] INFO  o.e.m.c.i.l.LifecycleMappingFactory - Using org.eclipse.m2e.jdt.JarLifecycleMapping lifecycle mapping for MavenProject: com.demo:maven-demo:0.0.1-SNAPSHOT @ C:\JBLD94\maven-demo\pom.xml.
2026-05-17 18:30:01,200 [Worker-5: Building] WARN  o.a.m.s.f.DefaultMavenResourcesFiltering - Using platform encoding (UTF-8 actually) to copy filtered resources, i.e. build is platform dependent!
2026-05-17 18:30:01,204 [Worker-5: Building] INFO  o.a.m.s.f.DefaultMavenResourcesFiltering - Copying 0 resource from src\main\resources to target\classes
2026-05-17 18:30:01,208 [Worker-5: Building] WARN  o.a.m.s.f.DefaultMavenResourcesFiltering - Using platform encoding (UTF-8 actually) to copy filtered resources, i.e. build is platform dependent!
2026-05-17 18:30:01,209 [Worker-5: Building] INFO  o.a.m.s.f.DefaultMavenResourcesFiltering - Copying 0 resource from src\test\resources to target\test-classes
2026-05-17 18:30:02,725 [Worker-18: Building] WARN  o.a.m.s.f.DefaultMavenResourcesFiltering - Using platform encoding (UTF-8 actually) to copy filtered resources, i.e. build is platform dependent!
2026-05-17 18:30:02,727 [Worker-18: Building] INFO  o.a.m.s.f.DefaultMavenResourcesFiltering - Copying 0 resource from src\main\resources to target\classes
2026-05-17 18:30:02,730 [Worker-18: Building] WARN  o.a.m.s.f.DefaultMavenResourcesFiltering - Using platform encoding (UTF-8 actually) to copy filtered resources, i.e. build is platform dependent!
2026-05-17 18:30:02,731 [Worker-18: Building] INFO  o.a.m.s.f.DefaultMavenResourcesFiltering - Copying 0 resource from src\test\resources to target\test-classes
2026-05-17 18:36:52,563 [Worker-9: Building] WARN  o.a.m.s.f.DefaultMavenResourcesFiltering - Using platform encoding (UTF-8 actually) to copy filtered resources, i.e. build is platform dependent!
2026-05-17 18:36:52,568 [Worker-9: Building] INFO  o.a.m.s.f.DefaultMavenResourcesFiltering - Copying 0 resource from src\main\resources to target\classes
2026-05-17 18:36:52,573 [Worker-9: Building] WARN  o.a.m.s.f.DefaultMavenResourcesFiltering - Using platform encoding (UTF-8 actually) to copy filtered resources, i.e. build is platform dependent!
2026-05-17 18:36:52,579 [Worker-9: Building] INFO  o.a.m.s.f.DefaultMavenResourcesFiltering - Copying 0 resource from src\test\resources to target\test-classes
2026-05-17 18:37:12,675 [Worker-22: Building] WARN  o.a.m.s.f.DefaultMavenResourcesFiltering - Using platform encoding (UTF-8 actually) to copy filtered resources, i.e. build is platform dependent!
2026-05-17 18:37:12,676 [Worker-22: Building] INFO  o.a.m.s.f.DefaultMavenResourcesFiltering - Copying 0 resource from src\main\resources to target\classes
2026-05-17 18:37:12,678 [Worker-22: Building] WARN  o.a.m.s.f.DefaultMavenResourcesFiltering - Using platform encoding (UTF-8 actually) to copy filtered resources, i.e. build is platform dependent!
2026-05-17 18:37:12,680 [Worker-22: Building] INFO  o.a.m.s.f.DefaultMavenResourcesFiltering - Copying 0 resource from src\test\resources to target\test-classes
2026-05-17 18:37:22,558 [Worker-9: Building] WARN  o.a.m.s.f.DefaultMavenResourcesFiltering - Using platform encoding (UTF-8 actually) to copy filtered resources, i.e. build is platform dependent!
2026-05-17 18:37:22,560 [Worker-9: Building] INFO  o.a.m.s.f.DefaultMavenResourcesFiltering - Copying 0 resource from src\main\resources to target\classes
2026-05-17 18:37:22,562 [Worker-9: Building] WARN  o.a.m.s.f.DefaultMavenResourcesFiltering - Using platform encoding (UTF-8 actually) to copy filtered resources, i.e. build is platform dependent!
2026-05-17 18:37:22,563 [Worker-9: Building] INFO  o.a.m.s.f.DefaultMavenResourcesFiltering - Copying 0 resource from src\test\resources to target\test-classes
2026-05-17 18:38:16,162 [Worker-8: Building] WARN  o.a.m.s.f.DefaultMavenResourcesFiltering - Using platform encoding (UTF-8 actually) to copy filtered resources, i.e. build is platform dependent!
2026-05-17 18:38:16,163 [Worker-8: Building] INFO  o.a.m.s.f.DefaultMavenResourcesFiltering - Copying 0 resource from src\main\resources to target\classes
2026-05-17 18:38:16,166 [Worker-8: Building] WARN  o.a.m.s.f.DefaultMavenResourcesFiltering - Using platform encoding (UTF-8 actually) to copy filtered resources, i.e. build is platform dependent!
2026-05-17 18:38:16,167 [Worker-8: Building] INFO  o.a.m.s.f.DefaultMavenResourcesFiltering - Copying 0 resource from src\test\resources to target\test-classes
2026-05-17 18:38:17,719 [Worker-8: Building] WARN  o.a.m.s.f.DefaultMavenResourcesFiltering - Using platform encoding (UTF-8 actually) to copy filtered resources, i.e. build is platform dependent!
2026-05-17 18:38:17,721 [Worker-8: Building] INFO  o.a.m.s.f.DefaultMavenResourcesFiltering - Copying 0 resource from src\main\resources to target\classes
2026-05-17 18:38:17,723 [Worker-8: Building] WARN  o.a.m.s.f.DefaultMavenResourcesFiltering - Using platform encoding (UTF-8 actually) to copy filtered resources, i.e. build is platform dependent!
2026-05-17 18:38:17,724 [Worker-8: Building] INFO  o.a.m.s.f.DefaultMavenResourcesFiltering - Copying 0 resource from src\test\resources to target\test-classes
2026-05-17 18:39:30,705 [main] INFO  o.e.m2e.actions.ExecutePomAction - Creating new launch configuration
2026-05-17 18:41:08,189 [Worker-23: Launching maven-demo] INFO  o.eclipse.m2e.core.internal.Bundles - getClasspathEntries(Bundle=org.eclipse.m2e.maven.runtime_3.9.900.20240824-1409 [642])
2026-05-17 18:41:08,191 [Worker-23: Launching maven-demo] INFO  o.eclipse.m2e.core.internal.Bundles - 	Entry: C:\Users\admin\.p2\pool\plugins\org.eclipse.m2e.maven.runtime_3.9.900.20240824-1409
2026-05-17 18:41:08,193 [Worker-23: Launching maven-demo] INFO  o.eclipse.m2e.core.internal.Bundles - 	Entry: C:\Users\admin\.p2\pool\plugins\org.eclipse.m2e.maven.runtime_3.9.900.20240824-1409\jars\aopalliance-1.0.jar
2026-05-17 18:41:08,193 [Worker-23: Launching maven-demo] INFO  o.eclipse.m2e.core.internal.Bundles - 	Entry: C:\Users\admin\.p2\pool\plugins\org.eclipse.m2e.maven.runtime_3.9.900.20240824-1409\jars\guice-5.1.0.jar
2026-05-17 18:41:08,193 [Worker-23: Launching maven-demo] INFO  o.eclipse.m2e.core.internal.Bundles - 	Entry: C:\Users\admin\.p2\pool\plugins\org.eclipse.m2e.maven.runtime_3.9.900.20240824-1409\jars\httpclient-4.5.14.jar
2026-05-17 18:41:08,193 [Worker-23: Launching maven-demo] INFO  o.eclipse.m2e.core.internal.Bundles - 	Entry: C:\Users\admin\.p2\pool\plugins\org.eclipse.m2e.maven.runtime_3.9.900.20240824-1409\jars\httpcore-4.4.16.jar
2026-05-17 18:41:08,194 [Worker-23: Launching maven-demo] INFO  o.eclipse.m2e.core.internal.Bundles - 	Entry: C:\Users\admin\.p2\pool\plugins\org.eclipse.m2e.maven.runtime_3.9.900.20240824-1409\jars\jansi-2.4.1.jar
2026-05-17 18:41:08,194 [Worker-23: Launching maven-demo] INFO  o.eclipse.m2e.core.internal.Bundles - 	Entry: C:\Users\admin\.p2\pool\plugins\org.eclipse.m2e.maven.runtime_3.9.900.20240824-1409\jars\jcl-over-slf4j-1.7.36.jar
2026-05-17 18:41:08,194 [Worker-23: Launching maven-demo] INFO  o.eclipse.m2e.core.internal.Bundles - 	Entry: C:\Users\admin\.p2\pool\plugins\org.eclipse.m2e.maven.runtime_3.9.900.20240824-1409\jars\maven-artifact-3.9.9.jar
2026-05-17 18:41:08,194 [Worker-23: Launching maven-demo] INFO  o.eclipse.m2e.core.internal.Bundles - 	Entry: C:\Users\admin\.p2\pool\plugins\org.eclipse.m2e.maven.runtime_3.9.900.20240824-1409\jars\maven-builder-support-3.9.9.jar
2026-05-17 18:41:08,194 [Worker-23: Launching maven-demo] INFO  o.eclipse.m2e.core.internal.Bundles - 	Entry: C:\Users\admin\.p2\pool\plugins\org.eclipse.m2e.maven.runtime_3.9.900.20240824-1409\jars\maven-compat-3.9.9.jar
2026-05-17 18:41:08,194 [Worker-23: Launching maven-demo] INFO  o.eclipse.m2e.core.internal.Bundles - 	Entry: C:\Users\admin\.p2\pool\plugins\org.eclipse.m2e.maven.runtime_3.9.900.20240824-1409\jars\maven-core-3.9.9.jar
2026-05-17 18:41:08,194 [Worker-23: Launching maven-demo] INFO  o.eclipse.m2e.core.internal.Bundles - 	Entry: C:\Users\admin\.p2\pool\plugins\org.eclipse.m2e.maven.runtime_3.9.900.20240824-1409\jars\maven-embedder-3.9.9.jar
2026-05-17 18:41:08,194 [Worker-23: Launching maven-demo] INFO  o.eclipse.m2e.core.internal.Bundles - 	Entry: C:\Users\admin\.p2\pool\plugins\org.eclipse.m2e.maven.runtime_3.9.900.20240824-1409\jars\maven-model-3.9.9.jar
2026-05-17 18:41:08,195 [Worker-23: Launching maven-demo] INFO  o.eclipse.m2e.core.internal.Bundles - 	Entry: C:\Users\admin\.p2\pool\plugins\org.eclipse.m2e.maven.runtime_3.9.900.20240824-1409\jars\maven-model-builder-3.9.9.jar
2026-05-17 18:41:08,195 [Worker-23: Launching maven-demo] INFO  o.eclipse.m2e.core.internal.Bundles - 	Entry: C:\Users\admin\.p2\pool\plugins\org.eclipse.m2e.maven.runtime_3.9.900.20240824-1409\jars\maven-plugin-api-3.9.9.jar
2026-05-17 18:41:08,195 [Worker-23: Launching maven-demo] INFO  o.eclipse.m2e.core.internal.Bundles - 	Entry: C:\Users\admin\.p2\pool\plugins\org.eclipse.m2e.maven.runtime_3.9.900.20240824-1409\jars\maven-repository-metadata-3.9.9.jar
2026-05-17 18:41:08,195 [Worker-23: Launching maven-demo] INFO  o.eclipse.m2e.core.internal.Bundles - 	Entry: C:\Users\admin\.p2\pool\plugins\org.eclipse.m2e.maven.runtime_3.9.900.20240824-1409\jars\maven-resolver-api-1.9.22.jar
2026-05-17 18:41:08,195 [Worker-23: Launching maven-demo] INFO  o.eclipse.m2e.core.internal.Bundles - 	Entry: C:\Users\admin\.p2\pool\plugins\org.eclipse.m2e.maven.runtime_3.9.900.20240824-1409\jars\maven-resolver-connector-basic-1.9.22.jar
2026-05-17 18:41:08,195 [Worker-23: Launching maven-demo] INFO  o.eclipse.m2e.core.internal.Bundles - 	Entry: C:\Users\admin\.p2\pool\plugins\org.eclipse.m2e.maven.runtime_3.9.900.20240824-1409\jars\maven-resolver-impl-1.9.22.jar
2026-05-17 18:41:08,195 [Worker-23: Launching maven-demo] INFO  o.eclipse.m2e.core.internal.Bundles - 	Entry: C:\Users\admin\.p2\pool\plugins\org.eclipse.m2e.maven.runtime_3.9.900.20240824-1409\jars\maven-resolver-named-locks-1.9.22.jar
2026-05-17 18:41:08,196 [Worker-23: Launching maven-demo] INFO  o.eclipse.m2e.core.internal.Bundles - 	Entry: C:\Users\admin\.p2\pool\plugins\org.eclipse.m2e.maven.runtime_3.9.900.20240824-1409\jars\maven-resolver-provider-3.9.9.jar
2026-05-17 18:41:08,196 [Worker-23: Launching maven-demo] INFO  o.eclipse.m2e.core.internal.Bundles - 	Entry: C:\Users\admin\.p2\pool\plugins\org.eclipse.m2e.maven.runtime_3.9.900.20240824-1409\jars\maven-resolver-spi-1.9.22.jar
2026-05-17 18:41:08,196 [Worker-23: Launching maven-demo] INFO  o.eclipse.m2e.core.internal.Bundles - 	Entry: C:\Users\admin\.p2\pool\plugins\org.eclipse.m2e.maven.runtime_3.9.900.20240824-1409\jars\maven-resolver-transport-file-1.9.22.jar
2026-05-17 18:41:08,196 [Worker-23: Launching maven-demo] INFO  o.eclipse.m2e.core.internal.Bundles - 	Entry: C:\Users\admin\.p2\pool\plugins\org.eclipse.m2e.maven.runtime_3.9.900.20240824-1409\jars\maven-resolver-transport-http-1.9.22.jar
2026-05-17 18:41:08,197 [Worker-23: Launching maven-demo] INFO  o.eclipse.m2e.core.internal.Bundles - 	Entry: C:\Users\admin\.p2\pool\plugins\org.eclipse.m2e.maven.runtime_3.9.900.20240824-1409\jars\maven-resolver-transport-wagon-1.9.22.jar
2026-05-17 18:41:08,197 [Worker-23: Launching maven-demo] INFO  o.eclipse.m2e.core.internal.Bundles - 	Entry: C:\Users\admin\.p2\pool\plugins\org.eclipse.m2e.maven.runtime_3.9.900.20240824-1409\jars\maven-resolver-util-1.9.22.jar
2026-05-17 18:41:08,197 [Worker-23: Launching maven-demo] INFO  o.eclipse.m2e.core.internal.Bundles - 	Entry: C:\Users\admin\.p2\pool\plugins\org.eclipse.m2e.maven.runtime_3.9.900.20240824-1409\jars\maven-settings-3.9.9.jar
2026-05-17 18:41:08,198 [Worker-23: Launching maven-demo] INFO  o.eclipse.m2e.core.internal.Bundles - 	Entry: C:\Users\admin\.p2\pool\plugins\org.eclipse.m2e.maven.runtime_3.9.900.20240824-1409\jars\maven-settings-builder-3.9.9.jar
2026-05-17 18:41:08,198 [Worker-23: Launching maven-demo] INFO  o.eclipse.m2e.core.internal.Bundles - 	Entry: C:\Users\admin\.p2\pool\plugins\org.eclipse.m2e.maven.runtime_3.9.900.20240824-1409\jars\maven-shared-utils-3.4.2.jar
2026-05-17 18:41:08,198 [Worker-23: Launching maven-demo] INFO  o.eclipse.m2e.core.internal.Bundles - 	Entry: C:\Users\admin\.p2\pool\plugins\org.eclipse.m2e.maven.runtime_3.9.900.20240824-1409\jars\org.eclipse.sisu.inject-0.9.0.M3.jar
2026-05-17 18:41:08,199 [Worker-23: Launching maven-demo] INFO  o.eclipse.m2e.core.internal.Bundles - 	Entry: C:\Users\admin\.p2\pool\plugins\org.eclipse.m2e.maven.runtime_3.9.900.20240824-1409\jars\org.eclipse.sisu.plexus-0.9.0.M3.jar
2026-05-17 18:41:08,199 [Worker-23: Launching maven-demo] INFO  o.eclipse.m2e.core.internal.Bundles - 	Entry: C:\Users\admin\.p2\pool\plugins\org.eclipse.m2e.maven.runtime_3.9.900.20240824-1409\jars\plexus-build-api-0.0.7.jar
2026-05-17 18:41:08,199 [Worker-23: Launching maven-demo] INFO  o.eclipse.m2e.core.internal.Bundles - 	Entry: C:\Users\admin\.p2\pool\plugins\org.eclipse.m2e.maven.runtime_3.9.900.20240824-1409\jars\plexus-build-api-1.2.0.jar
2026-05-17 18:41:08,199 [Worker-23: Launching maven-demo] INFO  o.eclipse.m2e.core.internal.Bundles - 	Entry: C:\Users\admin\.p2\pool\plugins\org.eclipse.m2e.maven.runtime_3.9.900.20240824-1409\jars\plexus-cipher-2.0.jar
2026-05-17 18:41:08,199 [Worker-23: Launching maven-demo] INFO  o.eclipse.m2e.core.internal.Bundles - 	Entry: C:\Users\admin\.p2\pool\plugins\org.eclipse.m2e.maven.runtime_3.9.900.20240824-1409\jars\plexus-classworlds-2.8.0.jar
2026-05-17 18:41:08,200 [Worker-23: Launching maven-demo] INFO  o.eclipse.m2e.core.internal.Bundles - 	Entry: C:\Users\admin\.p2\pool\plugins\org.eclipse.m2e.maven.runtime_3.9.900.20240824-1409\jars\plexus-component-annotations-2.1.0.jar
2026-05-17 18:41:08,200 [Worker-23: Launching maven-demo] INFO  o.eclipse.m2e.core.internal.Bundles - 	Entry: C:\Users\admin\.p2\pool\plugins\org.eclipse.m2e.maven.runtime_3.9.900.20240824-1409\jars\plexus-interpolation-1.27.jar
2026-05-17 18:41:08,200 [Worker-23: Launching maven-demo] INFO  o.eclipse.m2e.core.internal.Bundles - 	Entry: C:\Users\admin\.p2\pool\plugins\org.eclipse.m2e.maven.runtime_3.9.900.20240824-1409\jars\plexus-sec-dispatcher-2.0.jar
2026-05-17 18:41:08,201 [Worker-23: Launching maven-demo] INFO  o.eclipse.m2e.core.internal.Bundles - 	Entry: C:\Users\admin\.p2\pool\plugins\org.eclipse.m2e.maven.runtime_3.9.900.20240824-1409\jars\plexus-utils-3.5.1.jar
2026-05-17 18:41:08,201 [Worker-23: Launching maven-demo] INFO  o.eclipse.m2e.core.internal.Bundles - 	Entry: C:\Users\admin\.p2\pool\plugins\org.eclipse.m2e.maven.runtime_3.9.900.20240824-1409\jars\plexus-xml-3.0.1.jar
2026-05-17 18:41:08,201 [Worker-23: Launching maven-demo] INFO  o.eclipse.m2e.core.internal.Bundles - 	Entry: C:\Users\admin\.p2\pool\plugins\org.eclipse.m2e.maven.runtime_3.9.900.20240824-1409\jars\wagon-file-3.5.3.jar
2026-05-17 18:41:08,201 [Worker-23: Launching maven-demo] INFO  o.eclipse.m2e.core.internal.Bundles - 	Entry: C:\Users\admin\.p2\pool\plugins\org.eclipse.m2e.maven.runtime_3.9.900.20240824-1409\jars\wagon-http-3.5.3.jar
2026-05-17 18:41:08,201 [Worker-23: Launching maven-demo] INFO  o.eclipse.m2e.core.internal.Bundles - 	Entry: C:\Users\admin\.p2\pool\plugins\org.eclipse.m2e.maven.runtime_3.9.900.20240824-1409\jars\wagon-http-shared-3.5.3.jar
2026-05-17 18:41:08,201 [Worker-23: Launching maven-demo] INFO  o.eclipse.m2e.core.internal.Bundles - 	Entry: C:\Users\admin\.p2\pool\plugins\org.eclipse.m2e.maven.runtime_3.9.900.20240824-1409\jars\wagon-provider-api-3.5.3.jar
2026-05-17 18:41:08,202 [Worker-23: Launching maven-demo] INFO  o.eclipse.m2e.core.internal.Bundles - getClasspathEntries(Bundle=com.google.guava_33.3.0.jre [16])
2026-05-17 18:41:08,202 [Worker-23: Launching maven-demo] INFO  o.eclipse.m2e.core.internal.Bundles - 	Entry: C:\Users\admin\.p2\pool\plugins\com.google.guava_33.3.0.jre.jar
2026-05-17 18:41:08,202 [Worker-23: Launching maven-demo] INFO  o.eclipse.m2e.core.internal.Bundles - getClasspathEntries(Bundle=slf4j.api_2.0.16 [1007])
2026-05-17 18:41:08,202 [Worker-23: Launching maven-demo] INFO  o.eclipse.m2e.core.internal.Bundles - 	Entry: C:\Users\admin\.p2\pool\plugins\slf4j.api_2.0.16.jar
2026-05-17 18:41:08,203 [Worker-23: Launching maven-demo] INFO  o.eclipse.m2e.core.internal.Bundles - getClasspathEntries(Bundle=jakarta.inject.jakarta.inject-api_1.0.5 [34])
2026-05-17 18:41:08,203 [Worker-23: Launching maven-demo] INFO  o.eclipse.m2e.core.internal.Bundles - 	Entry: C:\Users\admin\.p2\pool\plugins\jakarta.inject.jakarta.inject-api_1.0.5.jar
2026-05-17 18:41:08,203 [Worker-23: Launching maven-demo] INFO  o.eclipse.m2e.core.internal.Bundles - getClasspathEntries(Bundle=jakarta.annotation-api_1.3.5 [29])
2026-05-17 18:41:08,203 [Worker-23: Launching maven-demo] INFO  o.eclipse.m2e.core.internal.Bundles - 	Entry: C:\Users\admin\.p2\pool\plugins\jakarta.annotation-api_1.3.5.jar
2026-05-17 18:41:08,203 [Worker-23: Launching maven-demo] INFO  o.eclipse.m2e.core.internal.Bundles - getClasspathEntries(Bundle=org.apache.commons.cli_1.9.0 [78])
2026-05-17 18:41:08,204 [Worker-23: Launching maven-demo] INFO  o.eclipse.m2e.core.internal.Bundles - 	Entry: C:\Users\admin\.p2\pool\plugins\org.apache.commons.cli_1.9.0.jar
2026-05-17 18:41:08,204 [Worker-23: Launching maven-demo] INFO  o.eclipse.m2e.core.internal.Bundles - getClasspathEntries(Bundle=org.apache.commons.commons-codec_1.16.0 [81])
2026-05-17 18:41:08,204 [Worker-23: Launching maven-demo] INFO  o.eclipse.m2e.core.internal.Bundles - 	Entry: C:\Users\admin\.p2\pool\plugins\org.apache.commons.commons-codec_1.16.0.jar
2026-05-17 18:41:08,204 [Worker-23: Launching maven-demo] INFO  o.eclipse.m2e.core.internal.Bundles - getClasspathEntries(Bundle=com.google.guava.failureaccess_1.0.2 [17])
2026-05-17 18:41:08,205 [Worker-23: Launching maven-demo] INFO  o.eclipse.m2e.core.internal.Bundles - 	Entry: C:\Users\admin\.p2\pool\plugins\com.google.guava.failureaccess_1.0.2.jar
2026-05-17 18:41:08,208 [Worker-23: Launching maven-demo] INFO  o.e.m.i.launch.MavenLaunchDelegate - Run build in "C:\JBLD94\maven-demo":
2026-05-17 18:41:08,208 [Worker-23: Launching maven-demo] INFO  o.e.m.i.launch.MavenLaunchDelegate -  mvn  -B -Dstyle.color=always clean install
2026-05-17 18:45:43,845 [Worker-28: Building] INFO  o.e.m.c.i.l.LifecycleMappingFactory - Using org.eclipse.m2e.jdt.JarLifecycleMapping lifecycle mapping for MavenProject: com.demo:maven-demo:0.0.1-SNAPSHOT @ C:\JBLD94\maven-demo\pom.xml.
2026-05-17 18:45:43,993 [Worker-28: Building] WARN  o.a.m.s.f.DefaultMavenResourcesFiltering - Using platform encoding (UTF-8 actually) to copy filtered resources, i.e. build is platform dependent!
2026-05-17 18:45:43,995 [Worker-28: Building] INFO  o.a.m.s.f.DefaultMavenResourcesFiltering - Copying 0 resource from src\main\resources to target\classes
2026-05-17 18:45:43,999 [Worker-28: Building] WARN  o.a.m.s.f.DefaultMavenResourcesFiltering - Using platform encoding (UTF-8 actually) to copy filtered resources, i.e. build is platform dependent!
2026-05-17 18:45:44,000 [Worker-28: Building] INFO  o.a.m.s.f.DefaultMavenResourcesFiltering - Copying 0 resource from src\test\resources to target\test-classes
2026-05-17 18:45:44,399 [Worker-27: Updating Maven Project] INFO  o.e.m.c.i.p.ProjectConfigurationManager - Update started
2026-05-17 18:45:44,628 [Worker-27: Updating Maven Project] INFO  o.e.m.c.i.l.LifecycleMappingFactory - Using org.eclipse.m2e.jdt.JarLifecycleMapping lifecycle mapping for MavenProject: com.demo:maven-demo:0.0.1-SNAPSHOT @ C:\JBLD94\maven-demo\pom.xml.
2026-05-17 18:45:45,044 [Worker-27: Updating Maven Project] INFO  o.e.m.j.i.AbstractJavaProjectConfigurator - Adding source folder /maven-demo/src/main/java
2026-05-17 18:45:45,045 [Worker-27: Updating Maven Project] INFO  o.e.m.j.i.AbstractJavaProjectConfigurator - Adding resource folder /maven-demo/src/main/resources
2026-05-17 18:45:45,045 [Worker-27: Updating Maven Project] INFO  o.e.m.j.i.AbstractJavaProjectConfigurator - Adding source folder /maven-demo/src/test/java
2026-05-17 18:45:45,047 [Worker-27: Updating Maven Project] INFO  o.e.m.j.i.AbstractJavaProjectConfigurator - Adding resource folder /maven-demo/src/test/resources
2026-05-17 18:45:45,093 [Worker-27: Updating Maven Project] INFO  o.e.m.c.i.p.ProjectConfigurationManager - Update completed for 1 poms: local refresh takes 0.00 sec, refresh facades takes 0.00 sec, update config takes 0.00 sec 
2026-05-17 18:45:45,444 [Worker-26: Building] WARN  o.a.m.s.f.DefaultMavenResourcesFiltering - Using platform encoding (UTF-8 actually) to copy filtered resources, i.e. build is platform dependent!
2026-05-17 18:45:45,446 [Worker-26: Building] INFO  o.a.m.s.f.DefaultMavenResourcesFiltering - Copying 0 resource from src\main\resources to target\classes
2026-05-17 18:45:45,450 [Worker-26: Building] WARN  o.a.m.s.f.DefaultMavenResourcesFiltering - Using platform encoding (UTF-8 actually) to copy filtered resources, i.e. build is platform dependent!
2026-05-17 18:45:45,451 [Worker-26: Building] INFO  o.a.m.s.f.DefaultMavenResourcesFiltering - Copying 0 resource from src\test\resources to target\test-classes
2026-05-17 18:45:53,329 [main] INFO  o.e.m2e.actions.ExecutePomAction - Creating new launch configuration
2026-05-17 18:45:59,184 [Worker-28: Launching maven-demo (1)] INFO  o.eclipse.m2e.core.internal.Bundles - getClasspathEntries(Bundle=org.eclipse.m2e.maven.runtime_3.9.900.20240824-1409 [642])
2026-05-17 18:45:59,186 [Worker-28: Launching maven-demo (1)] INFO  o.eclipse.m2e.core.internal.Bundles - 	Entry: C:\Users\admin\.p2\pool\plugins\org.eclipse.m2e.maven.runtime_3.9.900.20240824-1409
2026-05-17 18:45:59,187 [Worker-28: Launching maven-demo (1)] INFO  o.eclipse.m2e.core.internal.Bundles - 	Entry: C:\Users\admin\.p2\pool\plugins\org.eclipse.m2e.maven.runtime_3.9.900.20240824-1409\jars\aopalliance-1.0.jar
2026-05-17 18:45:59,187 [Worker-28: Launching maven-demo (1)] INFO  o.eclipse.m2e.core.internal.Bundles - 	Entry: C:\Users\admin\.p2\pool\plugins\org.eclipse.m2e.maven.runtime_3.9.900.20240824-1409\jars\guice-5.1.0.jar
2026-05-17 18:45:59,188 [Worker-28: Launching maven-demo (1)] INFO  o.eclipse.m2e.core.internal.Bundles - 	Entry: C:\Users\admin\.p2\pool\plugins\org.eclipse.m2e.maven.runtime_3.9.900.20240824-1409\jars\httpclient-4.5.14.jar
2026-05-17 18:45:59,189 [Worker-28: Launching maven-demo (1)] INFO  o.eclipse.m2e.core.internal.Bundles - 	Entry: C:\Users\admin\.p2\pool\plugins\org.eclipse.m2e.maven.runtime_3.9.900.20240824-1409\jars\httpcore-4.4.16.jar
2026-05-17 18:45:59,189 [Worker-28: Launching maven-demo (1)] INFO  o.eclipse.m2e.core.internal.Bundles - 	Entry: C:\Users\admin\.p2\pool\plugins\org.eclipse.m2e.maven.runtime_3.9.900.20240824-1409\jars\jansi-2.4.1.jar
2026-05-17 18:45:59,189 [Worker-28: Launching maven-demo (1)] INFO  o.eclipse.m2e.core.internal.Bundles - 	Entry: C:\Users\admin\.p2\pool\plugins\org.eclipse.m2e.maven.runtime_3.9.900.20240824-1409\jars\jcl-over-slf4j-1.7.36.jar
2026-05-17 18:45:59,189 [Worker-28: Launching maven-demo (1)] INFO  o.eclipse.m2e.core.internal.Bundles - 	Entry: C:\Users\admin\.p2\pool\plugins\org.eclipse.m2e.maven.runtime_3.9.900.20240824-1409\jars\maven-artifact-3.9.9.jar
2026-05-17 18:45:59,190 [Worker-28: Launching maven-demo (1)] INFO  o.eclipse.m2e.core.internal.Bundles - 	Entry: C:\Users\admin\.p2\pool\plugins\org.eclipse.m2e.maven.runtime_3.9.900.20240824-1409\jars\maven-builder-support-3.9.9.jar
2026-05-17 18:45:59,190 [Worker-28: Launching maven-demo (1)] INFO  o.eclipse.m2e.core.internal.Bundles - 	Entry: C:\Users\admin\.p2\pool\plugins\org.eclipse.m2e.maven.runtime_3.9.900.20240824-1409\jars\maven-compat-3.9.9.jar
2026-05-17 18:45:59,190 [Worker-28: Launching maven-demo (1)] INFO  o.eclipse.m2e.core.internal.Bundles - 	Entry: C:\Users\admin\.p2\pool\plugins\org.eclipse.m2e.maven.runtime_3.9.900.20240824-1409\jars\maven-core-3.9.9.jar
2026-05-17 18:45:59,190 [Worker-28: Launching maven-demo (1)] INFO  o.eclipse.m2e.core.internal.Bundles - 	Entry: C:\Users\admin\.p2\pool\plugins\org.eclipse.m2e.maven.runtime_3.9.900.20240824-1409\jars\maven-embedder-3.9.9.jar
2026-05-17 18:45:59,190 [Worker-28: Launching maven-demo (1)] INFO  o.eclipse.m2e.core.internal.Bundles - 	Entry: C:\Users\admin\.p2\pool\plugins\org.eclipse.m2e.maven.runtime_3.9.900.20240824-1409\jars\maven-model-3.9.9.jar
2026-05-17 18:45:59,190 [Worker-28: Launching maven-demo (1)] INFO  o.eclipse.m2e.core.internal.Bundles - 	Entry: C:\Users\admin\.p2\pool\plugins\org.eclipse.m2e.maven.runtime_3.9.900.20240824-1409\jars\maven-model-builder-3.9.9.jar
2026-05-17 18:45:59,190 [Worker-28: Launching maven-demo (1)] INFO  o.eclipse.m2e.core.internal.Bundles - 	Entry: C:\Users\admin\.p2\pool\plugins\org.eclipse.m2e.maven.runtime_3.9.900.20240824-1409\jars\maven-plugin-api-3.9.9.jar
2026-05-17 18:45:59,191 [Worker-28: Launching maven-demo (1)] INFO  o.eclipse.m2e.core.internal.Bundles - 	Entry: C:\Users\admin\.p2\pool\plugins\org.eclipse.m2e.maven.runtime_3.9.900.20240824-1409\jars\maven-repository-metadata-3.9.9.jar
2026-05-17 18:45:59,191 [Worker-28: Launching maven-demo (1)] INFO  o.eclipse.m2e.core.internal.Bundles - 	Entry: C:\Users\admin\.p2\pool\plugins\org.eclipse.m2e.maven.runtime_3.9.900.20240824-1409\jars\maven-resolver-api-1.9.22.jar
2026-05-17 18:45:59,192 [Worker-28: Launching maven-demo (1)] INFO  o.eclipse.m2e.core.internal.Bundles - 	Entry: C:\Users\admin\.p2\pool\plugins\org.eclipse.m2e.maven.runtime_3.9.900.20240824-1409\jars\maven-resolver-connector-basic-1.9.22.jar
2026-05-17 18:45:59,192 [Worker-28: Launching maven-demo (1)] INFO  o.eclipse.m2e.core.internal.Bundles - 	Entry: C:\Users\admin\.p2\pool\plugins\org.eclipse.m2e.maven.runtime_3.9.900.20240824-1409\jars\maven-resolver-impl-1.9.22.jar
2026-05-17 18:45:59,192 [Worker-28: Launching maven-demo (1)] INFO  o.eclipse.m2e.core.internal.Bundles - 	Entry: C:\Users\admin\.p2\pool\plugins\org.eclipse.m2e.maven.runtime_3.9.900.20240824-1409\jars\maven-resolver-named-locks-1.9.22.jar
2026-05-17 18:45:59,192 [Worker-28: Launching maven-demo (1)] INFO  o.eclipse.m2e.core.internal.Bundles - 	Entry: C:\Users\admin\.p2\pool\plugins\org.eclipse.m2e.maven.runtime_3.9.900.20240824-1409\jars\maven-resolver-provider-3.9.9.jar
2026-05-17 18:45:59,192 [Worker-28: Launching maven-demo (1)] INFO  o.eclipse.m2e.core.internal.Bundles - 	Entry: C:\Users\admin\.p2\pool\plugins\org.eclipse.m2e.maven.runtime_3.9.900.20240824-1409\jars\maven-resolver-spi-1.9.22.jar
2026-05-17 18:45:59,192 [Worker-28: Launching maven-demo (1)] INFO  o.eclipse.m2e.core.internal.Bundles - 	Entry: C:\Users\admin\.p2\pool\plugins\org.eclipse.m2e.maven.runtime_3.9.900.20240824-1409\jars\maven-resolver-transport-file-1.9.22.jar
2026-05-17 18:45:59,192 [Worker-28: Launching maven-demo (1)] INFO  o.eclipse.m2e.core.internal.Bundles - 	Entry: C:\Users\admin\.p2\pool\plugins\org.eclipse.m2e.maven.runtime_3.9.900.20240824-1409\jars\maven-resolver-transport-http-1.9.22.jar
2026-05-17 18:45:59,192 [Worker-28: Launching maven-demo (1)] INFO  o.eclipse.m2e.core.internal.Bundles - 	Entry: C:\Users\admin\.p2\pool\plugins\org.eclipse.m2e.maven.runtime_3.9.900.20240824-1409\jars\maven-resolver-transport-wagon-1.9.22.jar
2026-05-17 18:45:59,193 [Worker-28: Launching maven-demo (1)] INFO  o.eclipse.m2e.core.internal.Bundles - 	Entry: C:\Users\admin\.p2\pool\plugins\org.eclipse.m2e.maven.runtime_3.9.900.20240824-1409\jars\maven-resolver-util-1.9.22.jar
2026-05-17 18:45:59,193 [Worker-28: Launching maven-demo (1)] INFO  o.eclipse.m2e.core.internal.Bundles - 	Entry: C:\Users\admin\.p2\pool\plugins\org.eclipse.m2e.maven.runtime_3.9.900.20240824-1409\jars\maven-settings-3.9.9.jar
2026-05-17 18:45:59,193 [Worker-28: Launching maven-demo (1)] INFO  o.eclipse.m2e.core.internal.Bundles - 	Entry: C:\Users\admin\.p2\pool\plugins\org.eclipse.m2e.maven.runtime_3.9.900.20240824-1409\jars\maven-settings-builder-3.9.9.jar
2026-05-17 18:45:59,193 [Worker-28: Launching maven-demo (1)] INFO  o.eclipse.m2e.core.internal.Bundles - 	Entry: C:\Users\admin\.p2\pool\plugins\org.eclipse.m2e.maven.runtime_3.9.900.20240824-1409\jars\maven-shared-utils-3.4.2.jar
2026-05-17 18:45:59,193 [Worker-28: Launching maven-demo (1)] INFO  o.eclipse.m2e.core.internal.Bundles - 	Entry: C:\Users\admin\.p2\pool\plugins\org.eclipse.m2e.maven.runtime_3.9.900.20240824-1409\jars\org.eclipse.sisu.inject-0.9.0.M3.jar
2026-05-17 18:45:59,193 [Worker-28: Launching maven-demo (1)] INFO  o.eclipse.m2e.core.internal.Bundles - 	Entry: C:\Users\admin\.p2\pool\plugins\org.eclipse.m2e.maven.runtime_3.9.900.20240824-1409\jars\org.eclipse.sisu.plexus-0.9.0.M3.jar
2026-05-17 18:45:59,193 [Worker-28: Launching maven-demo (1)] INFO  o.eclipse.m2e.core.internal.Bundles - 	Entry: C:\Users\admin\.p2\pool\plugins\org.eclipse.m2e.maven.runtime_3.9.900.20240824-1409\jars\plexus-build-api-0.0.7.jar
2026-05-17 18:45:59,194 [Worker-28: Launching maven-demo (1)] INFO  o.eclipse.m2e.core.internal.Bundles - 	Entry: C:\Users\admin\.p2\pool\plugins\org.eclipse.m2e.maven.runtime_3.9.900.20240824-1409\jars\plexus-build-api-1.2.0.jar
2026-05-17 18:45:59,194 [Worker-28: Launching maven-demo (1)] INFO  o.eclipse.m2e.core.internal.Bundles - 	Entry: C:\Users\admin\.p2\pool\plugins\org.eclipse.m2e.maven.runtime_3.9.900.20240824-1409\jars\plexus-cipher-2.0.jar
2026-05-17 18:45:59,194 [Worker-28: Launching maven-demo (1)] INFO  o.eclipse.m2e.core.internal.Bundles - 	Entry: C:\Users\admin\.p2\pool\plugins\org.eclipse.m2e.maven.runtime_3.9.900.20240824-1409\jars\plexus-classworlds-2.8.0.jar
2026-05-17 18:45:59,194 [Worker-28: Launching maven-demo (1)] INFO  o.eclipse.m2e.core.internal.Bundles - 	Entry: C:\Users\admin\.p2\pool\plugins\org.eclipse.m2e.maven.runtime_3.9.900.20240824-1409\jars\plexus-component-annotations-2.1.0.jar
2026-05-17 18:45:59,194 [Worker-28: Launching maven-demo (1)] INFO  o.eclipse.m2e.core.internal.Bundles - 	Entry: C:\Users\admin\.p2\pool\plugins\org.eclipse.m2e.maven.runtime_3.9.900.20240824-1409\jars\plexus-interpolation-1.27.jar
2026-05-17 18:45:59,194 [Worker-28: Launching maven-demo (1)] INFO  o.eclipse.m2e.core.internal.Bundles - 	Entry: C:\Users\admin\.p2\pool\plugins\org.eclipse.m2e.maven.runtime_3.9.900.20240824-1409\jars\plexus-sec-dispatcher-2.0.jar
2026-05-17 18:45:59,194 [Worker-28: Launching maven-demo (1)] INFO  o.eclipse.m2e.core.internal.Bundles - 	Entry: C:\Users\admin\.p2\pool\plugins\org.eclipse.m2e.maven.runtime_3.9.900.20240824-1409\jars\plexus-utils-3.5.1.jar
2026-05-17 18:45:59,194 [Worker-28: Launching maven-demo (1)] INFO  o.eclipse.m2e.core.internal.Bundles - 	Entry: C:\Users\admin\.p2\pool\plugins\org.eclipse.m2e.maven.runtime_3.9.900.20240824-1409\jars\plexus-xml-3.0.1.jar
2026-05-17 18:45:59,194 [Worker-28: Launching maven-demo (1)] INFO  o.eclipse.m2e.core.internal.Bundles - 	Entry: C:\Users\admin\.p2\pool\plugins\org.eclipse.m2e.maven.runtime_3.9.900.20240824-1409\jars\wagon-file-3.5.3.jar
2026-05-17 18:45:59,194 [Worker-28: Launching maven-demo (1)] INFO  o.eclipse.m2e.core.internal.Bundles - 	Entry: C:\Users\admin\.p2\pool\plugins\org.eclipse.m2e.maven.runtime_3.9.900.20240824-1409\jars\wagon-http-3.5.3.jar
2026-05-17 18:45:59,194 [Worker-28: Launching maven-demo (1)] INFO  o.eclipse.m2e.core.internal.Bundles - 	Entry: C:\Users\admin\.p2\pool\plugins\org.eclipse.m2e.maven.runtime_3.9.900.20240824-1409\jars\wagon-http-shared-3.5.3.jar
2026-05-17 18:45:59,194 [Worker-28: Launching maven-demo (1)] INFO  o.eclipse.m2e.core.internal.Bundles - 	Entry: C:\Users\admin\.p2\pool\plugins\org.eclipse.m2e.maven.runtime_3.9.900.20240824-1409\jars\wagon-provider-api-3.5.3.jar
2026-05-17 18:45:59,195 [Worker-28: Launching maven-demo (1)] INFO  o.eclipse.m2e.core.internal.Bundles - getClasspathEntries(Bundle=com.google.guava_33.3.0.jre [16])
2026-05-17 18:45:59,195 [Worker-28: Launching maven-demo (1)] INFO  o.eclipse.m2e.core.internal.Bundles - 	Entry: C:\Users\admin\.p2\pool\plugins\com.google.guava_33.3.0.jre.jar
2026-05-17 18:45:59,195 [Worker-28: Launching maven-demo (1)] INFO  o.eclipse.m2e.core.internal.Bundles - getClasspathEntries(Bundle=slf4j.api_2.0.16 [1007])
2026-05-17 18:45:59,196 [Worker-28: Launching maven-demo (1)] INFO  o.eclipse.m2e.core.internal.Bundles - 	Entry: C:\Users\admin\.p2\pool\plugins\slf4j.api_2.0.16.jar
2026-05-17 18:45:59,196 [Worker-28: Launching maven-demo (1)] INFO  o.eclipse.m2e.core.internal.Bundles - getClasspathEntries(Bundle=jakarta.inject.jakarta.inject-api_1.0.5 [34])
2026-05-17 18:45:59,197 [Worker-28: Launching maven-demo (1)] INFO  o.eclipse.m2e.core.internal.Bundles - 	Entry: C:\Users\admin\.p2\pool\plugins\jakarta.inject.jakarta.inject-api_1.0.5.jar
2026-05-17 18:45:59,197 [Worker-28: Launching maven-demo (1)] INFO  o.eclipse.m2e.core.internal.Bundles - getClasspathEntries(Bundle=jakarta.annotation-api_1.3.5 [29])
2026-05-17 18:45:59,198 [Worker-28: Launching maven-demo (1)] INFO  o.eclipse.m2e.core.internal.Bundles - 	Entry: C:\Users\admin\.p2\pool\plugins\jakarta.annotation-api_1.3.5.jar
2026-05-17 18:45:59,198 [Worker-28: Launching maven-demo (1)] INFO  o.eclipse.m2e.core.internal.Bundles - getClasspathEntries(Bundle=org.apache.commons.cli_1.9.0 [78])
2026-05-17 18:45:59,198 [Worker-28: Launching maven-demo (1)] INFO  o.eclipse.m2e.core.internal.Bundles - 	Entry: C:\Users\admin\.p2\pool\plugins\org.apache.commons.cli_1.9.0.jar
2026-05-17 18:45:59,198 [Worker-28: Launching maven-demo (1)] INFO  o.eclipse.m2e.core.internal.Bundles - getClasspathEntries(Bundle=org.apache.commons.commons-codec_1.16.0 [81])
2026-05-17 18:45:59,198 [Worker-28: Launching maven-demo (1)] INFO  o.eclipse.m2e.core.internal.Bundles - 	Entry: C:\Users\admin\.p2\pool\plugins\org.apache.commons.commons-codec_1.16.0.jar
2026-05-17 18:45:59,199 [Worker-28: Launching maven-demo (1)] INFO  o.eclipse.m2e.core.internal.Bundles - getClasspathEntries(Bundle=com.google.guava.failureaccess_1.0.2 [17])
2026-05-17 18:45:59,199 [Worker-28: Launching maven-demo (1)] INFO  o.eclipse.m2e.core.internal.Bundles - 	Entry: C:\Users\admin\.p2\pool\plugins\com.google.guava.failureaccess_1.0.2.jar
2026-05-17 18:45:59,201 [Worker-28: Launching maven-demo (1)] INFO  o.e.m.i.launch.MavenLaunchDelegate - Run build in "C:\JBLD94\maven-demo":
2026-05-17 18:45:59,201 [Worker-28: Launching maven-demo (1)] INFO  o.e.m.i.launch.MavenLaunchDelegate -  mvn  -B -Dstyle.color=always clean install
2026-05-17 18:46:17,124 [Worker-27: Building] INFO  o.e.m.c.i.l.LifecycleMappingFactory - Using org.eclipse.m2e.jdt.JarLifecycleMapping lifecycle mapping for MavenProject: com.demo:maven-demo:0.0.1-SNAPSHOT @ C:\JBLD94\maven-demo\pom.xml.
2026-05-17 18:46:17,237 [Worker-27: Building] WARN  o.a.m.s.f.DefaultMavenResourcesFiltering - Using platform encoding (UTF-8 actually) to copy filtered resources, i.e. build is platform dependent!
2026-05-17 18:46:17,239 [Worker-27: Building] INFO  o.a.m.s.f.DefaultMavenResourcesFiltering - Copying 0 resource from src\main\resources to target\classes
2026-05-17 18:46:17,245 [Worker-27: Building] WARN  o.a.m.s.f.DefaultMavenResourcesFiltering - Using platform encoding (UTF-8 actually) to copy filtered resources, i.e. build is platform dependent!
2026-05-17 18:46:17,246 [Worker-27: Building] INFO  o.a.m.s.f.DefaultMavenResourcesFiltering - Copying 0 resource from src\test\resources to target\test-classes
2026-05-17 18:46:46,746 [main] INFO  o.e.m2e.actions.ExecutePomAction - Creating new launch configuration
2026-05-17 18:46:51,845 [Worker-9: Launching maven-demo (2)] INFO  o.eclipse.m2e.core.internal.Bundles - getClasspathEntries(Bundle=org.eclipse.m2e.maven.runtime_3.9.900.20240824-1409 [642])
2026-05-17 18:46:51,846 [Worker-9: Launching maven-demo (2)] INFO  o.eclipse.m2e.core.internal.Bundles - 	Entry: C:\Users\admin\.p2\pool\plugins\org.eclipse.m2e.maven.runtime_3.9.900.20240824-1409
2026-05-17 18:46:51,846 [Worker-9: Launching maven-demo (2)] INFO  o.eclipse.m2e.core.internal.Bundles - 	Entry: C:\Users\admin\.p2\pool\plugins\org.eclipse.m2e.maven.runtime_3.9.900.20240824-1409\jars\aopalliance-1.0.jar
2026-05-17 18:46:51,846 [Worker-9: Launching maven-demo (2)] INFO  o.eclipse.m2e.core.internal.Bundles - 	Entry: C:\Users\admin\.p2\pool\plugins\org.eclipse.m2e.maven.runtime_3.9.900.20240824-1409\jars\guice-5.1.0.jar
2026-05-17 18:46:51,847 [Worker-9: Launching maven-demo (2)] INFO  o.eclipse.m2e.core.internal.Bundles - 	Entry: C:\Users\admin\.p2\pool\plugins\org.eclipse.m2e.maven.runtime_3.9.900.20240824-1409\jars\httpclient-4.5.14.jar
2026-05-17 18:46:51,847 [Worker-9: Launching maven-demo (2)] INFO  o.eclipse.m2e.core.internal.Bundles - 	Entry: C:\Users\admin\.p2\pool\plugins\org.eclipse.m2e.maven.runtime_3.9.900.20240824-1409\jars\httpcore-4.4.16.jar
2026-05-17 18:46:51,847 [Worker-9: Launching maven-demo (2)] INFO  o.eclipse.m2e.core.internal.Bundles - 	Entry: C:\Users\admin\.p2\pool\plugins\org.eclipse.m2e.maven.runtime_3.9.900.20240824-1409\jars\jansi-2.4.1.jar
2026-05-17 18:46:51,847 [Worker-9: Launching maven-demo (2)] INFO  o.eclipse.m2e.core.internal.Bundles - 	Entry: C:\Users\admin\.p2\pool\plugins\org.eclipse.m2e.maven.runtime_3.9.900.20240824-1409\jars\jcl-over-slf4j-1.7.36.jar
2026-05-17 18:46:51,847 [Worker-9: Launching maven-demo (2)] INFO  o.eclipse.m2e.core.internal.Bundles - 	Entry: C:\Users\admin\.p2\pool\plugins\org.eclipse.m2e.maven.runtime_3.9.900.20240824-1409\jars\maven-artifact-3.9.9.jar
2026-05-17 18:46:51,847 [Worker-9: Launching maven-demo (2)] INFO  o.eclipse.m2e.core.internal.Bundles - 	Entry: C:\Users\admin\.p2\pool\plugins\org.eclipse.m2e.maven.runtime_3.9.900.20240824-1409\jars\maven-builder-support-3.9.9.jar
2026-05-17 18:46:51,847 [Worker-9: Launching maven-demo (2)] INFO  o.eclipse.m2e.core.internal.Bundles - 	Entry: C:\Users\admin\.p2\pool\plugins\org.eclipse.m2e.maven.runtime_3.9.900.20240824-1409\jars\maven-compat-3.9.9.jar
2026-05-17 18:46:51,847 [Worker-9: Launching maven-demo (2)] INFO  o.eclipse.m2e.core.internal.Bundles - 	Entry: C:\Users\admin\.p2\pool\plugins\org.eclipse.m2e.maven.runtime_3.9.900.20240824-1409\jars\maven-core-3.9.9.jar
2026-05-17 18:46:51,848 [Worker-9: Launching maven-demo (2)] INFO  o.eclipse.m2e.core.internal.Bundles - 	Entry: C:\Users\admin\.p2\pool\plugins\org.eclipse.m2e.maven.runtime_3.9.900.20240824-1409\jars\maven-embedder-3.9.9.jar
2026-05-17 18:46:51,848 [Worker-9: Launching maven-demo (2)] INFO  o.eclipse.m2e.core.internal.Bundles - 	Entry: C:\Users\admin\.p2\pool\plugins\org.eclipse.m2e.maven.runtime_3.9.900.20240824-1409\jars\maven-model-3.9.9.jar
2026-05-17 18:46:51,848 [Worker-9: Launching maven-demo (2)] INFO  o.eclipse.m2e.core.internal.Bundles - 	Entry: C:\Users\admin\.p2\pool\plugins\org.eclipse.m2e.maven.runtime_3.9.900.20240824-1409\jars\maven-model-builder-3.9.9.jar
2026-05-17 18:46:51,848 [Worker-9: Launching maven-demo (2)] INFO  o.eclipse.m2e.core.internal.Bundles - 	Entry: C:\Users\admin\.p2\pool\plugins\org.eclipse.m2e.maven.runtime_3.9.900.20240824-1409\jars\maven-plugin-api-3.9.9.jar
2026-05-17 18:46:51,848 [Worker-9: Launching maven-demo (2)] INFO  o.eclipse.m2e.core.internal.Bundles - 	Entry: C:\Users\admin\.p2\pool\plugins\org.eclipse.m2e.maven.runtime_3.9.900.20240824-1409\jars\maven-repository-metadata-3.9.9.jar
2026-05-17 18:46:51,848 [Worker-9: Launching maven-demo (2)] INFO  o.eclipse.m2e.core.internal.Bundles - 	Entry: C:\Users\admin\.p2\pool\plugins\org.eclipse.m2e.maven.runtime_3.9.900.20240824-1409\jars\maven-resolver-api-1.9.22.jar
2026-05-17 18:46:51,848 [Worker-9: Launching maven-demo (2)] INFO  o.eclipse.m2e.core.internal.Bundles - 	Entry: C:\Users\admin\.p2\pool\plugins\org.eclipse.m2e.maven.runtime_3.9.900.20240824-1409\jars\maven-resolver-connector-basic-1.9.22.jar
2026-05-17 18:46:51,848 [Worker-9: Launching maven-demo (2)] INFO  o.eclipse.m2e.core.internal.Bundles - 	Entry: C:\Users\admin\.p2\pool\plugins\org.eclipse.m2e.maven.runtime_3.9.900.20240824-1409\jars\maven-resolver-impl-1.9.22.jar
2026-05-17 18:46:51,848 [Worker-9: Launching maven-demo (2)] INFO  o.eclipse.m2e.core.internal.Bundles - 	Entry: C:\Users\admin\.p2\pool\plugins\org.eclipse.m2e.maven.runtime_3.9.900.20240824-1409\jars\maven-resolver-named-locks-1.9.22.jar
2026-05-17 18:46:51,848 [Worker-9: Launching maven-demo (2)] INFO  o.eclipse.m2e.core.internal.Bundles - 	Entry: C:\Users\admin\.p2\pool\plugins\org.eclipse.m2e.maven.runtime_3.9.900.20240824-1409\jars\maven-resolver-provider-3.9.9.jar
2026-05-17 18:46:51,848 [Worker-9: Launching maven-demo (2)] INFO  o.eclipse.m2e.core.internal.Bundles - 	Entry: C:\Users\admin\.p2\pool\plugins\org.eclipse.m2e.maven.runtime_3.9.900.20240824-1409\jars\maven-resolver-spi-1.9.22.jar
2026-05-17 18:46:51,849 [Worker-9: Launching maven-demo (2)] INFO  o.eclipse.m2e.core.internal.Bundles - 	Entry: C:\Users\admin\.p2\pool\plugins\org.eclipse.m2e.maven.runtime_3.9.900.20240824-1409\jars\maven-resolver-transport-file-1.9.22.jar
2026-05-17 18:46:51,849 [Worker-9: Launching maven-demo (2)] INFO  o.eclipse.m2e.core.internal.Bundles - 	Entry: C:\Users\admin\.p2\pool\plugins\org.eclipse.m2e.maven.runtime_3.9.900.20240824-1409\jars\maven-resolver-transport-http-1.9.22.jar
2026-05-17 18:46:51,849 [Worker-9: Launching maven-demo (2)] INFO  o.eclipse.m2e.core.internal.Bundles - 	Entry: C:\Users\admin\.p2\pool\plugins\org.eclipse.m2e.maven.runtime_3.9.900.20240824-1409\jars\maven-resolver-transport-wagon-1.9.22.jar
2026-05-17 18:46:51,849 [Worker-9: Launching maven-demo (2)] INFO  o.eclipse.m2e.core.internal.Bundles - 	Entry: C:\Users\admin\.p2\pool\plugins\org.eclipse.m2e.maven.runtime_3.9.900.20240824-1409\jars\maven-resolver-util-1.9.22.jar
2026-05-17 18:46:51,849 [Worker-9: Launching maven-demo (2)] INFO  o.eclipse.m2e.core.internal.Bundles - 	Entry: C:\Users\admin\.p2\pool\plugins\org.eclipse.m2e.maven.runtime_3.9.900.20240824-1409\jars\maven-settings-3.9.9.jar
2026-05-17 18:46:51,849 [Worker-9: Launching maven-demo (2)] INFO  o.eclipse.m2e.core.internal.Bundles - 	Entry: C:\Users\admin\.p2\pool\plugins\org.eclipse.m2e.maven.runtime_3.9.900.20240824-1409\jars\maven-settings-builder-3.9.9.jar
2026-05-17 18:46:51,849 [Worker-9: Launching maven-demo (2)] INFO  o.eclipse.m2e.core.internal.Bundles - 	Entry: C:\Users\admin\.p2\pool\plugins\org.eclipse.m2e.maven.runtime_3.9.900.20240824-1409\jars\maven-shared-utils-3.4.2.jar
2026-05-17 18:46:51,849 [Worker-9: Launching maven-demo (2)] INFO  o.eclipse.m2e.core.internal.Bundles - 	Entry: C:\Users\admin\.p2\pool\plugins\org.eclipse.m2e.maven.runtime_3.9.900.20240824-1409\jars\org.eclipse.sisu.inject-0.9.0.M3.jar
2026-05-17 18:46:51,849 [Worker-9: Launching maven-demo (2)] INFO  o.eclipse.m2e.core.internal.Bundles - 	Entry: C:\Users\admin\.p2\pool\plugins\org.eclipse.m2e.maven.runtime_3.9.900.20240824-1409\jars\org.eclipse.sisu.plexus-0.9.0.M3.jar
2026-05-17 18:46:51,849 [Worker-9: Launching maven-demo (2)] INFO  o.eclipse.m2e.core.internal.Bundles - 	Entry: C:\Users\admin\.p2\pool\plugins\org.eclipse.m2e.maven.runtime_3.9.900.20240824-1409\jars\plexus-build-api-0.0.7.jar
2026-05-17 18:46:51,849 [Worker-9: Launching maven-demo (2)] INFO  o.eclipse.m2e.core.internal.Bundles - 	Entry: C:\Users\admin\.p2\pool\plugins\org.eclipse.m2e.maven.runtime_3.9.900.20240824-1409\jars\plexus-build-api-1.2.0.jar
2026-05-17 18:46:51,849 [Worker-9: Launching maven-demo (2)] INFO  o.eclipse.m2e.core.internal.Bundles - 	Entry: C:\Users\admin\.p2\pool\plugins\org.eclipse.m2e.maven.runtime_3.9.900.20240824-1409\jars\plexus-cipher-2.0.jar
2026-05-17 18:46:51,849 [Worker-9: Launching maven-demo (2)] INFO  o.eclipse.m2e.core.internal.Bundles - 	Entry: C:\Users\admin\.p2\pool\plugins\org.eclipse.m2e.maven.runtime_3.9.900.20240824-1409\jars\plexus-classworlds-2.8.0.jar
2026-05-17 18:46:51,849 [Worker-9: Launching maven-demo (2)] INFO  o.eclipse.m2e.core.internal.Bundles - 	Entry: C:\Users\admin\.p2\pool\plugins\org.eclipse.m2e.maven.runtime_3.9.900.20240824-1409\jars\plexus-component-annotations-2.1.0.jar
2026-05-17 18:46:51,850 [Worker-9: Launching maven-demo (2)] INFO  o.eclipse.m2e.core.internal.Bundles - 	Entry: C:\Users\admin\.p2\pool\plugins\org.eclipse.m2e.maven.runtime_3.9.900.20240824-1409\jars\plexus-interpolation-1.27.jar
2026-05-17 18:46:51,850 [Worker-9: Launching maven-demo (2)] INFO  o.eclipse.m2e.core.internal.Bundles - 	Entry: C:\Users\admin\.p2\pool\plugins\org.eclipse.m2e.maven.runtime_3.9.900.20240824-1409\jars\plexus-sec-dispatcher-2.0.jar
2026-05-17 18:46:51,850 [Worker-9: Launching maven-demo (2)] INFO  o.eclipse.m2e.core.internal.Bundles - 	Entry: C:\Users\admin\.p2\pool\plugins\org.eclipse.m2e.maven.runtime_3.9.900.20240824-1409\jars\plexus-utils-3.5.1.jar
2026-05-17 18:46:51,850 [Worker-9: Launching maven-demo (2)] INFO  o.eclipse.m2e.core.internal.Bundles - 	Entry: C:\Users\admin\.p2\pool\plugins\org.eclipse.m2e.maven.runtime_3.9.900.20240824-1409\jars\plexus-xml-3.0.1.jar
2026-05-17 18:46:51,850 [Worker-9: Launching maven-demo (2)] INFO  o.eclipse.m2e.core.internal.Bundles - 	Entry: C:\Users\admin\.p2\pool\plugins\org.eclipse.m2e.maven.runtime_3.9.900.20240824-1409\jars\wagon-file-3.5.3.jar
2026-05-17 18:46:51,850 [Worker-9: Launching maven-demo (2)] INFO  o.eclipse.m2e.core.internal.Bundles - 	Entry: C:\Users\admin\.p2\pool\plugins\org.eclipse.m2e.maven.runtime_3.9.900.20240824-1409\jars\wagon-http-3.5.3.jar
2026-05-17 18:46:51,850 [Worker-9: Launching maven-demo (2)] INFO  o.eclipse.m2e.core.internal.Bundles - 	Entry: C:\Users\admin\.p2\pool\plugins\org.eclipse.m2e.maven.runtime_3.9.900.20240824-1409\jars\wagon-http-shared-3.5.3.jar
2026-05-17 18:46:51,850 [Worker-9: Launching maven-demo (2)] INFO  o.eclipse.m2e.core.internal.Bundles - 	Entry: C:\Users\admin\.p2\pool\plugins\org.eclipse.m2e.maven.runtime_3.9.900.20240824-1409\jars\wagon-provider-api-3.5.3.jar
2026-05-17 18:46:51,851 [Worker-9: Launching maven-demo (2)] INFO  o.eclipse.m2e.core.internal.Bundles - getClasspathEntries(Bundle=com.google.guava_33.3.0.jre [16])
2026-05-17 18:46:51,851 [Worker-9: Launching maven-demo (2)] INFO  o.eclipse.m2e.core.internal.Bundles - 	Entry: C:\Users\admin\.p2\pool\plugins\com.google.guava_33.3.0.jre.jar
2026-05-17 18:46:51,851 [Worker-9: Launching maven-demo (2)] INFO  o.eclipse.m2e.core.internal.Bundles - getClasspathEntries(Bundle=slf4j.api_2.0.16 [1007])
2026-05-17 18:46:51,851 [Worker-9: Launching maven-demo (2)] INFO  o.eclipse.m2e.core.internal.Bundles - 	Entry: C:\Users\admin\.p2\pool\plugins\slf4j.api_2.0.16.jar
2026-05-17 18:46:51,851 [Worker-9: Launching maven-demo (2)] INFO  o.eclipse.m2e.core.internal.Bundles - getClasspathEntries(Bundle=jakarta.inject.jakarta.inject-api_1.0.5 [34])
2026-05-17 18:46:51,852 [Worker-9: Launching maven-demo (2)] INFO  o.eclipse.m2e.core.internal.Bundles - 	Entry: C:\Users\admin\.p2\pool\plugins\jakarta.inject.jakarta.inject-api_1.0.5.jar
2026-05-17 18:46:51,852 [Worker-9: Launching maven-demo (2)] INFO  o.eclipse.m2e.core.internal.Bundles - getClasspathEntries(Bundle=jakarta.annotation-api_1.3.5 [29])
2026-05-17 18:46:51,852 [Worker-9: Launching maven-demo (2)] INFO  o.eclipse.m2e.core.internal.Bundles - 	Entry: C:\Users\admin\.p2\pool\plugins\jakarta.annotation-api_1.3.5.jar
2026-05-17 18:46:51,852 [Worker-9: Launching maven-demo (2)] INFO  o.eclipse.m2e.core.internal.Bundles - getClasspathEntries(Bundle=org.apache.commons.cli_1.9.0 [78])
2026-05-17 18:46:51,852 [Worker-9: Launching maven-demo (2)] INFO  o.eclipse.m2e.core.internal.Bundles - 	Entry: C:\Users\admin\.p2\pool\plugins\org.apache.commons.cli_1.9.0.jar
2026-05-17 18:46:51,852 [Worker-9: Launching maven-demo (2)] INFO  o.eclipse.m2e.core.internal.Bundles - getClasspathEntries(Bundle=org.apache.commons.commons-codec_1.16.0 [81])
2026-05-17 18:46:51,852 [Worker-9: Launching maven-demo (2)] INFO  o.eclipse.m2e.core.internal.Bundles - 	Entry: C:\Users\admin\.p2\pool\plugins\org.apache.commons.commons-codec_1.16.0.jar
2026-05-17 18:46:51,852 [Worker-9: Launching maven-demo (2)] INFO  o.eclipse.m2e.core.internal.Bundles - getClasspathEntries(Bundle=com.google.guava.failureaccess_1.0.2 [17])
2026-05-17 18:46:51,852 [Worker-9: Launching maven-demo (2)] INFO  o.eclipse.m2e.core.internal.Bundles - 	Entry: C:\Users\admin\.p2\pool\plugins\com.google.guava.failureaccess_1.0.2.jar
2026-05-17 18:46:51,854 [Worker-9: Launching maven-demo (2)] INFO  o.e.m.i.launch.MavenLaunchDelegate - Run build in "C:\JBLD94\maven-demo":
2026-05-17 18:46:51,854 [Worker-9: Launching maven-demo (2)] INFO  o.e.m.i.launch.MavenLaunchDelegate -  mvn  -B -Dstyle.color=always clean install
2026-05-17 18:48:03,637 [Worker-26: Building] INFO  o.e.m.c.i.l.LifecycleMappingFactory - Using org.eclipse.m2e.jdt.JarLifecycleMapping lifecycle mapping for MavenProject: com.demo:maven-demo:0.0.1-SNAPSHOT @ C:\JBLD94\maven-demo\pom.xml.
2026-05-17 18:48:04,029 [Worker-26: Building] WARN  o.a.m.s.f.DefaultMavenResourcesFiltering - Using platform encoding (UTF-8 actually) to copy filtered resources, i.e. build is platform dependent!
2026-05-17 18:48:04,031 [Worker-26: Building] INFO  o.a.m.s.f.DefaultMavenResourcesFiltering - Copying 0 resource from src\main\resources to target\classes
2026-05-17 18:48:04,036 [Worker-26: Building] WARN  o.a.m.s.f.DefaultMavenResourcesFiltering - Using platform encoding (UTF-8 actually) to copy filtered resources, i.e. build is platform dependent!
2026-05-17 18:48:04,037 [Worker-26: Building] INFO  o.a.m.s.f.DefaultMavenResourcesFiltering - Copying 0 resource from src\test\resources to target\test-classes
2026-05-17 18:48:04,065 [Worker-9: Updating Maven Project] INFO  o.e.m.c.i.p.ProjectConfigurationManager - Update started
2026-05-17 18:48:04,225 [Worker-9: Updating Maven Project] INFO  o.e.m.c.i.l.LifecycleMappingFactory - Using org.eclipse.m2e.jdt.JarLifecycleMapping lifecycle mapping for MavenProject: com.demo:maven-demo:0.0.1-SNAPSHOT @ C:\JBLD94\maven-demo\pom.xml.
2026-05-17 18:48:04,332 [Worker-9: Updating Maven Project] INFO  o.e.m.j.i.AbstractJavaProjectConfigurator - Adding source folder /maven-demo/src/main/java
2026-05-17 18:48:04,332 [Worker-9: Updating Maven Project] INFO  o.e.m.j.i.AbstractJavaProjectConfigurator - Adding resource folder /maven-demo/src/main/resources
2026-05-17 18:48:04,332 [Worker-9: Updating Maven Project] INFO  o.e.m.j.i.AbstractJavaProjectConfigurator - Adding source folder /maven-demo/src/test/java
2026-05-17 18:48:04,333 [Worker-9: Updating Maven Project] INFO  o.e.m.j.i.AbstractJavaProjectConfigurator - Adding resource folder /maven-demo/src/test/resources
2026-05-17 18:48:04,370 [Worker-9: Updating Maven Project] INFO  o.e.m.c.i.p.ProjectConfigurationManager - Update completed for 1 poms: local refresh takes 0.00 sec, refresh facades takes 0.00 sec, update config takes 0.00 sec 
2026-05-17 18:48:05,093 [Worker-27: Building] WARN  o.a.m.s.f.DefaultMavenResourcesFiltering - Using platform encoding (UTF-8 actually) to copy filtered resources, i.e. build is platform dependent!
2026-05-17 18:48:05,093 [Worker-27: Building] INFO  o.a.m.s.f.DefaultMavenResourcesFiltering - Copying 0 resource from src\main\resources to target\classes
2026-05-17 18:48:05,096 [Worker-27: Building] WARN  o.a.m.s.f.DefaultMavenResourcesFiltering - Using platform encoding (UTF-8 actually) to copy filtered resources, i.e. build is platform dependent!
2026-05-17 18:48:05,097 [Worker-27: Building] INFO  o.a.m.s.f.DefaultMavenResourcesFiltering - Copying 0 resource from src\test\resources to target\test-classes
2026-05-17 18:48:21,014 [main] INFO  o.e.m2e.actions.ExecutePomAction - Creating new launch configuration
2026-05-17 18:48:24,528 [Worker-29: Launching maven-demo (3)] INFO  o.eclipse.m2e.core.internal.Bundles - getClasspathEntries(Bundle=org.eclipse.m2e.maven.runtime_3.9.900.20240824-1409 [642])
2026-05-17 18:48:24,528 [Worker-29: Launching maven-demo (3)] INFO  o.eclipse.m2e.core.internal.Bundles - 	Entry: C:\Users\admin\.p2\pool\plugins\org.eclipse.m2e.maven.runtime_3.9.900.20240824-1409
2026-05-17 18:48:24,530 [Worker-29: Launching maven-demo (3)] INFO  o.eclipse.m2e.core.internal.Bundles - 	Entry: C:\Users\admin\.p2\pool\plugins\org.eclipse.m2e.maven.runtime_3.9.900.20240824-1409\jars\aopalliance-1.0.jar
2026-05-17 18:48:24,530 [Worker-29: Launching maven-demo (3)] INFO  o.eclipse.m2e.core.internal.Bundles - 	Entry: C:\Users\admin\.p2\pool\plugins\org.eclipse.m2e.maven.runtime_3.9.900.20240824-1409\jars\guice-5.1.0.jar
2026-05-17 18:48:24,530 [Worker-29: Launching maven-demo (3)] INFO  o.eclipse.m2e.core.internal.Bundles - 	Entry: C:\Users\admin\.p2\pool\plugins\org.eclipse.m2e.maven.runtime_3.9.900.20240824-1409\jars\httpclient-4.5.14.jar
2026-05-17 18:48:24,530 [Worker-29: Launching maven-demo (3)] INFO  o.eclipse.m2e.core.internal.Bundles - 	Entry: C:\Users\admin\.p2\pool\plugins\org.eclipse.m2e.maven.runtime_3.9.900.20240824-1409\jars\httpcore-4.4.16.jar
2026-05-17 18:48:24,530 [Worker-29: Launching maven-demo (3)] INFO  o.eclipse.m2e.core.internal.Bundles - 	Entry: C:\Users\admin\.p2\pool\plugins\org.eclipse.m2e.maven.runtime_3.9.900.20240824-1409\jars\jansi-2.4.1.jar
2026-05-17 18:48:24,530 [Worker-29: Launching maven-demo (3)] INFO  o.eclipse.m2e.core.internal.Bundles - 	Entry: C:\Users\admin\.p2\pool\plugins\org.eclipse.m2e.maven.runtime_3.9.900.20240824-1409\jars\jcl-over-slf4j-1.7.36.jar
2026-05-17 18:48:24,531 [Worker-29: Launching maven-demo (3)] INFO  o.eclipse.m2e.core.internal.Bundles - 	Entry: C:\Users\admin\.p2\pool\plugins\org.eclipse.m2e.maven.runtime_3.9.900.20240824-1409\jars\maven-artifact-3.9.9.jar
2026-05-17 18:48:24,531 [Worker-29: Launching maven-demo (3)] INFO  o.eclipse.m2e.core.internal.Bundles - 	Entry: C:\Users\admin\.p2\pool\plugins\org.eclipse.m2e.maven.runtime_3.9.900.20240824-1409\jars\maven-builder-support-3.9.9.jar
2026-05-17 18:48:24,531 [Worker-29: Launching maven-demo (3)] INFO  o.eclipse.m2e.core.internal.Bundles - 	Entry: C:\Users\admin\.p2\pool\plugins\org.eclipse.m2e.maven.runtime_3.9.900.20240824-1409\jars\maven-compat-3.9.9.jar
2026-05-17 18:48:24,531 [Worker-29: Launching maven-demo (3)] INFO  o.eclipse.m2e.core.internal.Bundles - 	Entry: C:\Users\admin\.p2\pool\plugins\org.eclipse.m2e.maven.runtime_3.9.900.20240824-1409\jars\maven-core-3.9.9.jar
2026-05-17 18:48:24,531 [Worker-29: Launching maven-demo (3)] INFO  o.eclipse.m2e.core.internal.Bundles - 	Entry: C:\Users\admin\.p2\pool\plugins\org.eclipse.m2e.maven.runtime_3.9.900.20240824-1409\jars\maven-embedder-3.9.9.jar
2026-05-17 18:48:24,531 [Worker-29: Launching maven-demo (3)] INFO  o.eclipse.m2e.core.internal.Bundles - 	Entry: C:\Users\admin\.p2\pool\plugins\org.eclipse.m2e.maven.runtime_3.9.900.20240824-1409\jars\maven-model-3.9.9.jar
2026-05-17 18:48:24,531 [Worker-29: Launching maven-demo (3)] INFO  o.eclipse.m2e.core.internal.Bundles - 	Entry: C:\Users\admin\.p2\pool\plugins\org.eclipse.m2e.maven.runtime_3.9.900.20240824-1409\jars\maven-model-builder-3.9.9.jar
2026-05-17 18:48:24,531 [Worker-29: Launching maven-demo (3)] INFO  o.eclipse.m2e.core.internal.Bundles - 	Entry: C:\Users\admin\.p2\pool\plugins\org.eclipse.m2e.maven.runtime_3.9.900.20240824-1409\jars\maven-plugin-api-3.9.9.jar
2026-05-17 18:48:24,531 [Worker-29: Launching maven-demo (3)] INFO  o.eclipse.m2e.core.internal.Bundles - 	Entry: C:\Users\admin\.p2\pool\plugins\org.eclipse.m2e.maven.runtime_3.9.900.20240824-1409\jars\maven-repository-metadata-3.9.9.jar
2026-05-17 18:48:24,531 [Worker-29: Launching maven-demo (3)] INFO  o.eclipse.m2e.core.internal.Bundles - 	Entry: C:\Users\admin\.p2\pool\plugins\org.eclipse.m2e.maven.runtime_3.9.900.20240824-1409\jars\maven-resolver-api-1.9.22.jar
2026-05-17 18:48:24,532 [Worker-29: Launching maven-demo (3)] INFO  o.eclipse.m2e.core.internal.Bundles - 	Entry: C:\Users\admin\.p2\pool\plugins\org.eclipse.m2e.maven.runtime_3.9.900.20240824-1409\jars\maven-resolver-connector-basic-1.9.22.jar
2026-05-17 18:48:24,532 [Worker-29: Launching maven-demo (3)] INFO  o.eclipse.m2e.core.internal.Bundles - 	Entry: C:\Users\admin\.p2\pool\plugins\org.eclipse.m2e.maven.runtime_3.9.900.20240824-1409\jars\maven-resolver-impl-1.9.22.jar
2026-05-17 18:48:24,532 [Worker-29: Launching maven-demo (3)] INFO  o.eclipse.m2e.core.internal.Bundles - 	Entry: C:\Users\admin\.p2\pool\plugins\org.eclipse.m2e.maven.runtime_3.9.900.20240824-1409\jars\maven-resolver-named-locks-1.9.22.jar
2026-05-17 18:48:24,532 [Worker-29: Launching maven-demo (3)] INFO  o.eclipse.m2e.core.internal.Bundles - 	Entry: C:\Users\admin\.p2\pool\plugins\org.eclipse.m2e.maven.runtime_3.9.900.20240824-1409\jars\maven-resolver-provider-3.9.9.jar
2026-05-17 18:48:24,532 [Worker-29: Launching maven-demo (3)] INFO  o.eclipse.m2e.core.internal.Bundles - 	Entry: C:\Users\admin\.p2\pool\plugins\org.eclipse.m2e.maven.runtime_3.9.900.20240824-1409\jars\maven-resolver-spi-1.9.22.jar
2026-05-17 18:48:24,532 [Worker-29: Launching maven-demo (3)] INFO  o.eclipse.m2e.core.internal.Bundles - 	Entry: C:\Users\admin\.p2\pool\plugins\org.eclipse.m2e.maven.runtime_3.9.900.20240824-1409\jars\maven-resolver-transport-file-1.9.22.jar
2026-05-17 18:48:24,532 [Worker-29: Launching maven-demo (3)] INFO  o.eclipse.m2e.core.internal.Bundles - 	Entry: C:\Users\admin\.p2\pool\plugins\org.eclipse.m2e.maven.runtime_3.9.900.20240824-1409\jars\maven-resolver-transport-http-1.9.22.jar
2026-05-17 18:48:24,532 [Worker-29: Launching maven-demo (3)] INFO  o.eclipse.m2e.core.internal.Bundles - 	Entry: C:\Users\admin\.p2\pool\plugins\org.eclipse.m2e.maven.runtime_3.9.900.20240824-1409\jars\maven-resolver-transport-wagon-1.9.22.jar
2026-05-17 18:48:24,533 [Worker-29: Launching maven-demo (3)] INFO  o.eclipse.m2e.core.internal.Bundles - 	Entry: C:\Users\admin\.p2\pool\plugins\org.eclipse.m2e.maven.runtime_3.9.900.20240824-1409\jars\maven-resolver-util-1.9.22.jar
2026-05-17 18:48:24,533 [Worker-29: Launching maven-demo (3)] INFO  o.eclipse.m2e.core.internal.Bundles - 	Entry: C:\Users\admin\.p2\pool\plugins\org.eclipse.m2e.maven.runtime_3.9.900.20240824-1409\jars\maven-settings-3.9.9.jar
2026-05-17 18:48:24,533 [Worker-29: Launching maven-demo (3)] INFO  o.eclipse.m2e.core.internal.Bundles - 	Entry: C:\Users\admin\.p2\pool\plugins\org.eclipse.m2e.maven.runtime_3.9.900.20240824-1409\jars\maven-settings-builder-3.9.9.jar
2026-05-17 18:48:24,533 [Worker-29: Launching maven-demo (3)] INFO  o.eclipse.m2e.core.internal.Bundles - 	Entry: C:\Users\admin\.p2\pool\plugins\org.eclipse.m2e.maven.runtime_3.9.900.20240824-1409\jars\maven-shared-utils-3.4.2.jar
2026-05-17 18:48:24,533 [Worker-29: Launching maven-demo (3)] INFO  o.eclipse.m2e.core.internal.Bundles - 	Entry: C:\Users\admin\.p2\pool\plugins\org.eclipse.m2e.maven.runtime_3.9.900.20240824-1409\jars\org.eclipse.sisu.inject-0.9.0.M3.jar
2026-05-17 18:48:24,533 [Worker-29: Launching maven-demo (3)] INFO  o.eclipse.m2e.core.internal.Bundles - 	Entry: C:\Users\admin\.p2\pool\plugins\org.eclipse.m2e.maven.runtime_3.9.900.20240824-1409\jars\org.eclipse.sisu.plexus-0.9.0.M3.jar
2026-05-17 18:48:24,533 [Worker-29: Launching maven-demo (3)] INFO  o.eclipse.m2e.core.internal.Bundles - 	Entry: C:\Users\admin\.p2\pool\plugins\org.eclipse.m2e.maven.runtime_3.9.900.20240824-1409\jars\plexus-build-api-0.0.7.jar
2026-05-17 18:48:24,533 [Worker-29: Launching maven-demo (3)] INFO  o.eclipse.m2e.core.internal.Bundles - 	Entry: C:\Users\admin\.p2\pool\plugins\org.eclipse.m2e.maven.runtime_3.9.900.20240824-1409\jars\plexus-build-api-1.2.0.jar
2026-05-17 18:48:24,533 [Worker-29: Launching maven-demo (3)] INFO  o.eclipse.m2e.core.internal.Bundles - 	Entry: C:\Users\admin\.p2\pool\plugins\org.eclipse.m2e.maven.runtime_3.9.900.20240824-1409\jars\plexus-cipher-2.0.jar
2026-05-17 18:48:24,534 [Worker-29: Launching maven-demo (3)] INFO  o.eclipse.m2e.core.internal.Bundles - 	Entry: C:\Users\admin\.p2\pool\plugins\org.eclipse.m2e.maven.runtime_3.9.900.20240824-1409\jars\plexus-classworlds-2.8.0.jar
2026-05-17 18:48:24,534 [Worker-29: Launching maven-demo (3)] INFO  o.eclipse.m2e.core.internal.Bundles - 	Entry: C:\Users\admin\.p2\pool\plugins\org.eclipse.m2e.maven.runtime_3.9.900.20240824-1409\jars\plexus-component-annotations-2.1.0.jar
2026-05-17 18:48:24,534 [Worker-29: Launching maven-demo (3)] INFO  o.eclipse.m2e.core.internal.Bundles - 	Entry: C:\Users\admin\.p2\pool\plugins\org.eclipse.m2e.maven.runtime_3.9.900.20240824-1409\jars\plexus-interpolation-1.27.jar
2026-05-17 18:48:24,534 [Worker-29: Launching maven-demo (3)] INFO  o.eclipse.m2e.core.internal.Bundles - 	Entry: C:\Users\admin\.p2\pool\plugins\org.eclipse.m2e.maven.runtime_3.9.900.20240824-1409\jars\plexus-sec-dispatcher-2.0.jar
2026-05-17 18:48:24,534 [Worker-29: Launching maven-demo (3)] INFO  o.eclipse.m2e.core.internal.Bundles - 	Entry: C:\Users\admin\.p2\pool\plugins\org.eclipse.m2e.maven.runtime_3.9.900.20240824-1409\jars\plexus-utils-3.5.1.jar
2026-05-17 18:48:24,534 [Worker-29: Launching maven-demo (3)] INFO  o.eclipse.m2e.core.internal.Bundles - 	Entry: C:\Users\admin\.p2\pool\plugins\org.eclipse.m2e.maven.runtime_3.9.900.20240824-1409\jars\plexus-xml-3.0.1.jar
2026-05-17 18:48:24,534 [Worker-29: Launching maven-demo (3)] INFO  o.eclipse.m2e.core.internal.Bundles - 	Entry: C:\Users\admin\.p2\pool\plugins\org.eclipse.m2e.maven.runtime_3.9.900.20240824-1409\jars\wagon-file-3.5.3.jar
2026-05-17 18:48:24,534 [Worker-29: Launching maven-demo (3)] INFO  o.eclipse.m2e.core.internal.Bundles - 	Entry: C:\Users\admin\.p2\pool\plugins\org.eclipse.m2e.maven.runtime_3.9.900.20240824-1409\jars\wagon-http-3.5.3.jar
2026-05-17 18:48:24,534 [Worker-29: Launching maven-demo (3)] INFO  o.eclipse.m2e.core.internal.Bundles - 	Entry: C:\Users\admin\.p2\pool\plugins\org.eclipse.m2e.maven.runtime_3.9.900.20240824-1409\jars\wagon-http-shared-3.5.3.jar
2026-05-17 18:48:24,535 [Worker-29: Launching maven-demo (3)] INFO  o.eclipse.m2e.core.internal.Bundles - 	Entry: C:\Users\admin\.p2\pool\plugins\org.eclipse.m2e.maven.runtime_3.9.900.20240824-1409\jars\wagon-provider-api-3.5.3.jar
2026-05-17 18:48:24,535 [Worker-29: Launching maven-demo (3)] INFO  o.eclipse.m2e.core.internal.Bundles - getClasspathEntries(Bundle=com.google.guava_33.3.0.jre [16])
2026-05-17 18:48:24,535 [Worker-29: Launching maven-demo (3)] INFO  o.eclipse.m2e.core.internal.Bundles - 	Entry: C:\Users\admin\.p2\pool\plugins\com.google.guava_33.3.0.jre.jar
2026-05-17 18:48:24,535 [Worker-29: Launching maven-demo (3)] INFO  o.eclipse.m2e.core.internal.Bundles - getClasspathEntries(Bundle=slf4j.api_2.0.16 [1007])
2026-05-17 18:48:24,535 [Worker-29: Launching maven-demo (3)] INFO  o.eclipse.m2e.core.internal.Bundles - 	Entry: C:\Users\admin\.p2\pool\plugins\slf4j.api_2.0.16.jar
2026-05-17 18:48:24,536 [Worker-29: Launching maven-demo (3)] INFO  o.eclipse.m2e.core.internal.Bundles - getClasspathEntries(Bundle=jakarta.inject.jakarta.inject-api_1.0.5 [34])
2026-05-17 18:48:24,536 [Worker-29: Launching maven-demo (3)] INFO  o.eclipse.m2e.core.internal.Bundles - 	Entry: C:\Users\admin\.p2\pool\plugins\jakarta.inject.jakarta.inject-api_1.0.5.jar
2026-05-17 18:48:24,536 [Worker-29: Launching maven-demo (3)] INFO  o.eclipse.m2e.core.internal.Bundles - getClasspathEntries(Bundle=jakarta.annotation-api_1.3.5 [29])
2026-05-17 18:48:24,536 [Worker-29: Launching maven-demo (3)] INFO  o.eclipse.m2e.core.internal.Bundles - 	Entry: C:\Users\admin\.p2\pool\plugins\jakarta.annotation-api_1.3.5.jar
2026-05-17 18:48:24,537 [Worker-29: Launching maven-demo (3)] INFO  o.eclipse.m2e.core.internal.Bundles - getClasspathEntries(Bundle=org.apache.commons.cli_1.9.0 [78])
2026-05-17 18:48:24,537 [Worker-29: Launching maven-demo (3)] INFO  o.eclipse.m2e.core.internal.Bundles - 	Entry: C:\Users\admin\.p2\pool\plugins\org.apache.commons.cli_1.9.0.jar
2026-05-17 18:48:24,537 [Worker-29: Launching maven-demo (3)] INFO  o.eclipse.m2e.core.internal.Bundles - getClasspathEntries(Bundle=org.apache.commons.commons-codec_1.16.0 [81])
2026-05-17 18:48:24,538 [Worker-29: Launching maven-demo (3)] INFO  o.eclipse.m2e.core.internal.Bundles - 	Entry: C:\Users\admin\.p2\pool\plugins\org.apache.commons.commons-codec_1.16.0.jar
2026-05-17 18:48:24,538 [Worker-29: Launching maven-demo (3)] INFO  o.eclipse.m2e.core.internal.Bundles - getClasspathEntries(Bundle=com.google.guava.failureaccess_1.0.2 [17])
2026-05-17 18:48:24,538 [Worker-29: Launching maven-demo (3)] INFO  o.eclipse.m2e.core.internal.Bundles - 	Entry: C:\Users\admin\.p2\pool\plugins\com.google.guava.failureaccess_1.0.2.jar
2026-05-17 18:48:24,539 [Worker-29: Launching maven-demo (3)] INFO  o.e.m.i.launch.MavenLaunchDelegate - Run build in "C:\JBLD94\maven-demo":
2026-05-17 18:48:24,539 [Worker-29: Launching maven-demo (3)] INFO  o.e.m.i.launch.MavenLaunchDelegate -  mvn  -B -Dstyle.color=always clean install
2026-05-17 18:50:18,372 [Worker-32: Building] INFO  o.e.m.c.i.l.LifecycleMappingFactory - Using org.eclipse.m2e.jdt.JarLifecycleMapping lifecycle mapping for MavenProject: com.demo:maven-demo:0.0.1-SNAPSHOT @ C:\JBLD94\maven-demo\pom.xml.
2026-05-17 18:50:18,462 [Worker-32: Building] WARN  o.a.m.s.f.DefaultMavenResourcesFiltering - Using platform encoding (UTF-8 actually) to copy filtered resources, i.e. build is platform dependent!
2026-05-17 18:50:18,463 [Worker-32: Building] INFO  o.a.m.s.f.DefaultMavenResourcesFiltering - Copying 0 resource from src\main\resources to target\classes
2026-05-17 18:50:18,467 [Worker-32: Building] WARN  o.a.m.s.f.DefaultMavenResourcesFiltering - Using platform encoding (UTF-8 actually) to copy filtered resources, i.e. build is platform dependent!
2026-05-17 18:50:18,468 [Worker-32: Building] INFO  o.a.m.s.f.DefaultMavenResourcesFiltering - Copying 0 resource from src\test\resources to target\test-classes
2026-05-17 18:50:18,735 [Worker-31: Updating Maven Project] INFO  o.e.m.c.i.p.ProjectConfigurationManager - Update started
2026-05-17 18:50:18,914 [Worker-31: Updating Maven Project] INFO  o.e.m.c.i.l.LifecycleMappingFactory - Using org.eclipse.m2e.jdt.JarLifecycleMapping lifecycle mapping for MavenProject: com.demo:maven-demo:0.0.1-SNAPSHOT @ C:\JBLD94\maven-demo\pom.xml.
2026-05-17 18:50:19,234 [Worker-31: Updating Maven Project] INFO  o.e.m.j.i.AbstractJavaProjectConfigurator - Adding source folder /maven-demo/src/main/java
2026-05-17 18:50:19,236 [Worker-31: Updating Maven Project] INFO  o.e.m.j.i.AbstractJavaProjectConfigurator - Adding resource folder /maven-demo/src/main/resources
2026-05-17 18:50:19,236 [Worker-31: Updating Maven Project] INFO  o.e.m.j.i.AbstractJavaProjectConfigurator - Adding source folder /maven-demo/src/test/java
2026-05-17 18:50:19,236 [Worker-31: Updating Maven Project] INFO  o.e.m.j.i.AbstractJavaProjectConfigurator - Adding resource folder /maven-demo/src/test/resources
2026-05-17 18:50:19,268 [Worker-31: Updating Maven Project] INFO  o.e.m.c.i.p.ProjectConfigurationManager - Update completed for 1 poms: local refresh takes 0.00 sec, refresh facades takes 0.00 sec, update config takes 0.00 sec 
2026-05-17 18:50:19,772 [Worker-27: Building] WARN  o.a.m.s.f.DefaultMavenResourcesFiltering - Using platform encoding (UTF-8 actually) to copy filtered resources, i.e. build is platform dependent!
2026-05-17 18:50:19,773 [Worker-27: Building] INFO  o.a.m.s.f.DefaultMavenResourcesFiltering - Copying 0 resource from src\main\resources to target\classes
2026-05-17 18:50:19,775 [Worker-27: Building] WARN  o.a.m.s.f.DefaultMavenResourcesFiltering - Using platform encoding (UTF-8 actually) to copy filtered resources, i.e. build is platform dependent!
2026-05-17 18:50:19,776 [Worker-27: Building] INFO  o.a.m.s.f.DefaultMavenResourcesFiltering - Copying 0 resource from src\test\resources to target\test-classes
2026-05-17 18:50:31,315 [main] INFO  o.e.m2e.actions.ExecutePomAction - Creating new launch configuration
2026-05-17 18:50:40,167 [Worker-30: Launching maven-demo (4)] INFO  o.eclipse.m2e.core.internal.Bundles - getClasspathEntries(Bundle=org.eclipse.m2e.maven.runtime_3.9.900.20240824-1409 [642])
2026-05-17 18:50:40,167 [Worker-30: Launching maven-demo (4)] INFO  o.eclipse.m2e.core.internal.Bundles - 	Entry: C:\Users\admin\.p2\pool\plugins\org.eclipse.m2e.maven.runtime_3.9.900.20240824-1409
2026-05-17 18:50:40,169 [Worker-30: Launching maven-demo (4)] INFO  o.eclipse.m2e.core.internal.Bundles - 	Entry: C:\Users\admin\.p2\pool\plugins\org.eclipse.m2e.maven.runtime_3.9.900.20240824-1409\jars\aopalliance-1.0.jar
2026-05-17 18:50:40,169 [Worker-30: Launching maven-demo (4)] INFO  o.eclipse.m2e.core.internal.Bundles - 	Entry: C:\Users\admin\.p2\pool\plugins\org.eclipse.m2e.maven.runtime_3.9.900.20240824-1409\jars\guice-5.1.0.jar
2026-05-17 18:50:40,169 [Worker-30: Launching maven-demo (4)] INFO  o.eclipse.m2e.core.internal.Bundles - 	Entry: C:\Users\admin\.p2\pool\plugins\org.eclipse.m2e.maven.runtime_3.9.900.20240824-1409\jars\httpclient-4.5.14.jar
2026-05-17 18:50:40,169 [Worker-30: Launching maven-demo (4)] INFO  o.eclipse.m2e.core.internal.Bundles - 	Entry: C:\Users\admin\.p2\pool\plugins\org.eclipse.m2e.maven.runtime_3.9.900.20240824-1409\jars\httpcore-4.4.16.jar
2026-05-17 18:50:40,169 [Worker-30: Launching maven-demo (4)] INFO  o.eclipse.m2e.core.internal.Bundles - 	Entry: C:\Users\admin\.p2\pool\plugins\org.eclipse.m2e.maven.runtime_3.9.900.20240824-1409\jars\jansi-2.4.1.jar
2026-05-17 18:50:40,169 [Worker-30: Launching maven-demo (4)] INFO  o.eclipse.m2e.core.internal.Bundles - 	Entry: C:\Users\admin\.p2\pool\plugins\org.eclipse.m2e.maven.runtime_3.9.900.20240824-1409\jars\jcl-over-slf4j-1.7.36.jar
2026-05-17 18:50:40,169 [Worker-30: Launching maven-demo (4)] INFO  o.eclipse.m2e.core.internal.Bundles - 	Entry: C:\Users\admin\.p2\pool\plugins\org.eclipse.m2e.maven.runtime_3.9.900.20240824-1409\jars\maven-artifact-3.9.9.jar
2026-05-17 18:50:40,170 [Worker-30: Launching maven-demo (4)] INFO  o.eclipse.m2e.core.internal.Bundles - 	Entry: C:\Users\admin\.p2\pool\plugins\org.eclipse.m2e.maven.runtime_3.9.900.20240824-1409\jars\maven-builder-support-3.9.9.jar
2026-05-17 18:50:40,170 [Worker-30: Launching maven-demo (4)] INFO  o.eclipse.m2e.core.internal.Bundles - 	Entry: C:\Users\admin\.p2\pool\plugins\org.eclipse.m2e.maven.runtime_3.9.900.20240824-1409\jars\maven-compat-3.9.9.jar
2026-05-17 18:50:40,170 [Worker-30: Launching maven-demo (4)] INFO  o.eclipse.m2e.core.internal.Bundles - 	Entry: C:\Users\admin\.p2\pool\plugins\org.eclipse.m2e.maven.runtime_3.9.900.20240824-1409\jars\maven-core-3.9.9.jar
2026-05-17 18:50:40,170 [Worker-30: Launching maven-demo (4)] INFO  o.eclipse.m2e.core.internal.Bundles - 	Entry: C:\Users\admin\.p2\pool\plugins\org.eclipse.m2e.maven.runtime_3.9.900.20240824-1409\jars\maven-embedder-3.9.9.jar
2026-05-17 18:50:40,170 [Worker-30: Launching maven-demo (4)] INFO  o.eclipse.m2e.core.internal.Bundles - 	Entry: C:\Users\admin\.p2\pool\plugins\org.eclipse.m2e.maven.runtime_3.9.900.20240824-1409\jars\maven-model-3.9.9.jar
2026-05-17 18:50:40,170 [Worker-30: Launching maven-demo (4)] INFO  o.eclipse.m2e.core.internal.Bundles - 	Entry: C:\Users\admin\.p2\pool\plugins\org.eclipse.m2e.maven.runtime_3.9.900.20240824-1409\jars\maven-model-builder-3.9.9.jar
2026-05-17 18:50:40,171 [Worker-30: Launching maven-demo (4)] INFO  o.eclipse.m2e.core.internal.Bundles - 	Entry: C:\Users\admin\.p2\pool\plugins\org.eclipse.m2e.maven.runtime_3.9.900.20240824-1409\jars\maven-plugin-api-3.9.9.jar
2026-05-17 18:50:40,171 [Worker-30: Launching maven-demo (4)] INFO  o.eclipse.m2e.core.internal.Bundles - 	Entry: C:\Users\admin\.p2\pool\plugins\org.eclipse.m2e.maven.runtime_3.9.900.20240824-1409\jars\maven-repository-metadata-3.9.9.jar
2026-05-17 18:50:40,171 [Worker-30: Launching maven-demo (4)] INFO  o.eclipse.m2e.core.internal.Bundles - 	Entry: C:\Users\admin\.p2\pool\plugins\org.eclipse.m2e.maven.runtime_3.9.900.20240824-1409\jars\maven-resolver-api-1.9.22.jar
2026-05-17 18:50:40,171 [Worker-30: Launching maven-demo (4)] INFO  o.eclipse.m2e.core.internal.Bundles - 	Entry: C:\Users\admin\.p2\pool\plugins\org.eclipse.m2e.maven.runtime_3.9.900.20240824-1409\jars\maven-resolver-connector-basic-1.9.22.jar
2026-05-17 18:50:40,171 [Worker-30: Launching maven-demo (4)] INFO  o.eclipse.m2e.core.internal.Bundles - 	Entry: C:\Users\admin\.p2\pool\plugins\org.eclipse.m2e.maven.runtime_3.9.900.20240824-1409\jars\maven-resolver-impl-1.9.22.jar
2026-05-17 18:50:40,171 [Worker-30: Launching maven-demo (4)] INFO  o.eclipse.m2e.core.internal.Bundles - 	Entry: C:\Users\admin\.p2\pool\plugins\org.eclipse.m2e.maven.runtime_3.9.900.20240824-1409\jars\maven-resolver-named-locks-1.9.22.jar
2026-05-17 18:50:40,171 [Worker-30: Launching maven-demo (4)] INFO  o.eclipse.m2e.core.internal.Bundles - 	Entry: C:\Users\admin\.p2\pool\plugins\org.eclipse.m2e.maven.runtime_3.9.900.20240824-1409\jars\maven-resolver-provider-3.9.9.jar
2026-05-17 18:50:40,171 [Worker-30: Launching maven-demo (4)] INFO  o.eclipse.m2e.core.internal.Bundles - 	Entry: C:\Users\admin\.p2\pool\plugins\org.eclipse.m2e.maven.runtime_3.9.900.20240824-1409\jars\maven-resolver-spi-1.9.22.jar
2026-05-17 18:50:40,171 [Worker-30: Launching maven-demo (4)] INFO  o.eclipse.m2e.core.internal.Bundles - 	Entry: C:\Users\admin\.p2\pool\plugins\org.eclipse.m2e.maven.runtime_3.9.900.20240824-1409\jars\maven-resolver-transport-file-1.9.22.jar
2026-05-17 18:50:40,171 [Worker-30: Launching maven-demo (4)] INFO  o.eclipse.m2e.core.internal.Bundles - 	Entry: C:\Users\admin\.p2\pool\plugins\org.eclipse.m2e.maven.runtime_3.9.900.20240824-1409\jars\maven-resolver-transport-http-1.9.22.jar
2026-05-17 18:50:40,172 [Worker-30: Launching maven-demo (4)] INFO  o.eclipse.m2e.core.internal.Bundles - 	Entry: C:\Users\admin\.p2\pool\plugins\org.eclipse.m2e.maven.runtime_3.9.900.20240824-1409\jars\maven-resolver-transport-wagon-1.9.22.jar
2026-05-17 18:50:40,172 [Worker-30: Launching maven-demo (4)] INFO  o.eclipse.m2e.core.internal.Bundles - 	Entry: C:\Users\admin\.p2\pool\plugins\org.eclipse.m2e.maven.runtime_3.9.900.20240824-1409\jars\maven-resolver-util-1.9.22.jar
2026-05-17 18:50:40,172 [Worker-30: Launching maven-demo (4)] INFO  o.eclipse.m2e.core.internal.Bundles - 	Entry: C:\Users\admin\.p2\pool\plugins\org.eclipse.m2e.maven.runtime_3.9.900.20240824-1409\jars\maven-settings-3.9.9.jar
2026-05-17 18:50:40,172 [Worker-30: Launching maven-demo (4)] INFO  o.eclipse.m2e.core.internal.Bundles - 	Entry: C:\Users\admin\.p2\pool\plugins\org.eclipse.m2e.maven.runtime_3.9.900.20240824-1409\jars\maven-settings-builder-3.9.9.jar
2026-05-17 18:50:40,172 [Worker-30: Launching maven-demo (4)] INFO  o.eclipse.m2e.core.internal.Bundles - 	Entry: C:\Users\admin\.p2\pool\plugins\org.eclipse.m2e.maven.runtime_3.9.900.20240824-1409\jars\maven-shared-utils-3.4.2.jar
2026-05-17 18:50:40,172 [Worker-30: Launching maven-demo (4)] INFO  o.eclipse.m2e.core.internal.Bundles - 	Entry: C:\Users\admin\.p2\pool\plugins\org.eclipse.m2e.maven.runtime_3.9.900.20240824-1409\jars\org.eclipse.sisu.inject-0.9.0.M3.jar
2026-05-17 18:50:40,172 [Worker-30: Launching maven-demo (4)] INFO  o.eclipse.m2e.core.internal.Bundles - 	Entry: C:\Users\admin\.p2\pool\plugins\org.eclipse.m2e.maven.runtime_3.9.900.20240824-1409\jars\org.eclipse.sisu.plexus-0.9.0.M3.jar
2026-05-17 18:50:40,173 [Worker-30: Launching maven-demo (4)] INFO  o.eclipse.m2e.core.internal.Bundles - 	Entry: C:\Users\admin\.p2\pool\plugins\org.eclipse.m2e.maven.runtime_3.9.900.20240824-1409\jars\plexus-build-api-0.0.7.jar
2026-05-17 18:50:40,173 [Worker-30: Launching maven-demo (4)] INFO  o.eclipse.m2e.core.internal.Bundles - 	Entry: C:\Users\admin\.p2\pool\plugins\org.eclipse.m2e.maven.runtime_3.9.900.20240824-1409\jars\plexus-build-api-1.2.0.jar
2026-05-17 18:50:40,173 [Worker-30: Launching maven-demo (4)] INFO  o.eclipse.m2e.core.internal.Bundles - 	Entry: C:\Users\admin\.p2\pool\plugins\org.eclipse.m2e.maven.runtime_3.9.900.20240824-1409\jars\plexus-cipher-2.0.jar
2026-05-17 18:50:40,173 [Worker-30: Launching maven-demo (4)] INFO  o.eclipse.m2e.core.internal.Bundles - 	Entry: C:\Users\admin\.p2\pool\plugins\org.eclipse.m2e.maven.runtime_3.9.900.20240824-1409\jars\plexus-classworlds-2.8.0.jar
2026-05-17 18:50:40,173 [Worker-30: Launching maven-demo (4)] INFO  o.eclipse.m2e.core.internal.Bundles - 	Entry: C:\Users\admin\.p2\pool\plugins\org.eclipse.m2e.maven.runtime_3.9.900.20240824-1409\jars\plexus-component-annotations-2.1.0.jar
2026-05-17 18:50:40,173 [Worker-30: Launching maven-demo (4)] INFO  o.eclipse.m2e.core.internal.Bundles - 	Entry: C:\Users\admin\.p2\pool\plugins\org.eclipse.m2e.maven.runtime_3.9.900.20240824-1409\jars\plexus-interpolation-1.27.jar
2026-05-17 18:50:40,173 [Worker-30: Launching maven-demo (4)] INFO  o.eclipse.m2e.core.internal.Bundles - 	Entry: C:\Users\admin\.p2\pool\plugins\org.eclipse.m2e.maven.runtime_3.9.900.20240824-1409\jars\plexus-sec-dispatcher-2.0.jar
2026-05-17 18:50:40,173 [Worker-30: Launching maven-demo (4)] INFO  o.eclipse.m2e.core.internal.Bundles - 	Entry: C:\Users\admin\.p2\pool\plugins\org.eclipse.m2e.maven.runtime_3.9.900.20240824-1409\jars\plexus-utils-3.5.1.jar
2026-05-17 18:50:40,173 [Worker-30: Launching maven-demo (4)] INFO  o.eclipse.m2e.core.internal.Bundles - 	Entry: C:\Users\admin\.p2\pool\plugins\org.eclipse.m2e.maven.runtime_3.9.900.20240824-1409\jars\plexus-xml-3.0.1.jar
2026-05-17 18:50:40,174 [Worker-30: Launching maven-demo (4)] INFO  o.eclipse.m2e.core.internal.Bundles - 	Entry: C:\Users\admin\.p2\pool\plugins\org.eclipse.m2e.maven.runtime_3.9.900.20240824-1409\jars\wagon-file-3.5.3.jar
2026-05-17 18:50:40,174 [Worker-30: Launching maven-demo (4)] INFO  o.eclipse.m2e.core.internal.Bundles - 	Entry: C:\Users\admin\.p2\pool\plugins\org.eclipse.m2e.maven.runtime_3.9.900.20240824-1409\jars\wagon-http-3.5.3.jar
2026-05-17 18:50:40,174 [Worker-30: Launching maven-demo (4)] INFO  o.eclipse.m2e.core.internal.Bundles - 	Entry: C:\Users\admin\.p2\pool\plugins\org.eclipse.m2e.maven.runtime_3.9.900.20240824-1409\jars\wagon-http-shared-3.5.3.jar
2026-05-17 18:50:40,174 [Worker-30: Launching maven-demo (4)] INFO  o.eclipse.m2e.core.internal.Bundles - 	Entry: C:\Users\admin\.p2\pool\plugins\org.eclipse.m2e.maven.runtime_3.9.900.20240824-1409\jars\wagon-provider-api-3.5.3.jar
2026-05-17 18:50:40,174 [Worker-30: Launching maven-demo (4)] INFO  o.eclipse.m2e.core.internal.Bundles - getClasspathEntries(Bundle=com.google.guava_33.3.0.jre [16])
2026-05-17 18:50:40,174 [Worker-30: Launching maven-demo (4)] INFO  o.eclipse.m2e.core.internal.Bundles - 	Entry: C:\Users\admin\.p2\pool\plugins\com.google.guava_33.3.0.jre.jar
2026-05-17 18:50:40,174 [Worker-30: Launching maven-demo (4)] INFO  o.eclipse.m2e.core.internal.Bundles - getClasspathEntries(Bundle=slf4j.api_2.0.16 [1007])
2026-05-17 18:50:40,176 [Worker-30: Launching maven-demo (4)] INFO  o.eclipse.m2e.core.internal.Bundles - 	Entry: C:\Users\admin\.p2\pool\plugins\slf4j.api_2.0.16.jar
2026-05-17 18:50:40,176 [Worker-30: Launching maven-demo (4)] INFO  o.eclipse.m2e.core.internal.Bundles - getClasspathEntries(Bundle=jakarta.inject.jakarta.inject-api_1.0.5 [34])
2026-05-17 18:50:40,176 [Worker-30: Launching maven-demo (4)] INFO  o.eclipse.m2e.core.internal.Bundles - 	Entry: C:\Users\admin\.p2\pool\plugins\jakarta.inject.jakarta.inject-api_1.0.5.jar
2026-05-17 18:50:40,176 [Worker-30: Launching maven-demo (4)] INFO  o.eclipse.m2e.core.internal.Bundles - getClasspathEntries(Bundle=jakarta.annotation-api_1.3.5 [29])
2026-05-17 18:50:40,177 [Worker-30: Launching maven-demo (4)] INFO  o.eclipse.m2e.core.internal.Bundles - 	Entry: C:\Users\admin\.p2\pool\plugins\jakarta.annotation-api_1.3.5.jar
2026-05-17 18:50:40,177 [Worker-30: Launching maven-demo (4)] INFO  o.eclipse.m2e.core.internal.Bundles - getClasspathEntries(Bundle=org.apache.commons.cli_1.9.0 [78])
2026-05-17 18:50:40,177 [Worker-30: Launching maven-demo (4)] INFO  o.eclipse.m2e.core.internal.Bundles - 	Entry: C:\Users\admin\.p2\pool\plugins\org.apache.commons.cli_1.9.0.jar
2026-05-17 18:50:40,177 [Worker-30: Launching maven-demo (4)] INFO  o.eclipse.m2e.core.internal.Bundles - getClasspathEntries(Bundle=org.apache.commons.commons-codec_1.16.0 [81])
2026-05-17 18:50:40,177 [Worker-30: Launching maven-demo (4)] INFO  o.eclipse.m2e.core.internal.Bundles - 	Entry: C:\Users\admin\.p2\pool\plugins\org.apache.commons.commons-codec_1.16.0.jar
2026-05-17 18:50:40,177 [Worker-30: Launching maven-demo (4)] INFO  o.eclipse.m2e.core.internal.Bundles - getClasspathEntries(Bundle=com.google.guava.failureaccess_1.0.2 [17])
2026-05-17 18:50:40,178 [Worker-30: Launching maven-demo (4)] INFO  o.eclipse.m2e.core.internal.Bundles - 	Entry: C:\Users\admin\.p2\pool\plugins\com.google.guava.failureaccess_1.0.2.jar
2026-05-17 18:50:40,178 [Worker-30: Launching maven-demo (4)] INFO  o.e.m.i.launch.MavenLaunchDelegate - Run build in "C:\JBLD94\maven-demo":
2026-05-17 18:50:40,178 [Worker-30: Launching maven-demo (4)] INFO  o.e.m.i.launch.MavenLaunchDelegate -  mvn  -B -Dstyle.color=always clean install
2026-05-23 16:50:25,349 [Worker-106: Importing Maven projects] INFO  o.e.m.c.i.l.LifecycleMappingFactory - Using org.eclipse.m2e.jdt.JarLifecycleMapping lifecycle mapping for MavenProject: com.example:DI:0.0.1-SNAPSHOT @ C:\gfg-2\springBoot\DI\DI\pom.xml.
2026-05-23 16:50:25,845 [Worker-106: Importing Maven projects] INFO  o.e.m.j.i.AbstractJavaProjectConfigurator - Adding source folder /DI/src/main/java
2026-05-23 16:50:25,845 [Worker-106: Importing Maven projects] INFO  o.e.m.j.i.AbstractJavaProjectConfigurator - Adding resource folder /DI/src/main/resources
2026-05-23 16:50:25,845 [Worker-106: Importing Maven projects] INFO  o.e.m.j.i.AbstractJavaProjectConfigurator - Adding resource folder /DI/src/main/resources
2026-05-23 16:50:25,847 [Worker-106: Importing Maven projects] INFO  o.e.m.j.i.AbstractJavaProjectConfigurator - Adding source folder /DI/src/test/java
2026-05-23 16:50:25,847 [Worker-106: Importing Maven projects] INFO  o.e.m.j.i.AbstractJavaProjectConfigurator - Adding resource folder /DI/src/test/resources
2026-05-23 16:50:25,979 [Worker-106: Importing Maven projects] INFO  o.e.m.c.i.p.ProjectConfigurationManager - Imported and configured 1 project(s) in 1 sec
2026-05-23 16:50:26,782 [Worker-112: Building] INFO  o.a.m.s.f.DefaultMavenResourcesFiltering - Copying 1 resource from src\main\resources to target\classes
2026-05-23 16:50:26,806 [Worker-112: Building] INFO  o.a.m.s.f.DefaultMavenResourcesFiltering - Copying 0 resource from src\main\resources to target\classes
2026-05-23 16:50:26,812 [Worker-112: Building] INFO  o.a.m.s.f.DefaultMavenResourcesFiltering - skip non existing resourceDirectory C:\gfg-2\springBoot\DI\DI\src\test\resources
2026-05-23 16:50:58,120 [Worker-106: Importing Maven projects] INFO  o.e.m.c.i.l.LifecycleMappingFactory - Using org.eclipse.m2e.jdt.JarLifecycleMapping lifecycle mapping for MavenProject: com.hcl:springDemo1:0.0.1-SNAPSHOT @ C:\gfg-2\springBoot\spring-master\springDemo1\pom.xml.
2026-05-23 16:50:58,175 [Worker-106: Importing Maven projects] INFO  o.e.m.j.i.AbstractJavaProjectConfigurator - Adding source folder /springDemo1/src/main/java
2026-05-23 16:50:58,176 [Worker-106: Importing Maven projects] INFO  o.e.m.j.i.AbstractJavaProjectConfigurator - Adding resource folder /springDemo1/src/main/resources
2026-05-23 16:50:58,176 [Worker-106: Importing Maven projects] INFO  o.e.m.j.i.AbstractJavaProjectConfigurator - Adding source folder /springDemo1/src/test/java
2026-05-23 16:50:58,177 [Worker-106: Importing Maven projects] INFO  o.e.m.j.i.AbstractJavaProjectConfigurator - Adding resource folder /springDemo1/src/test/resources
2026-05-23 16:50:58,200 [Worker-106: Importing Maven projects] INFO  o.e.m.c.i.p.ProjectConfigurationManager - Imported and configured 1 project(s) in 0 sec
2026-05-23 16:50:58,605 [Worker-115: Building] WARN  o.a.m.s.f.DefaultMavenResourcesFiltering - Using platform encoding (UTF-8 actually) to copy filtered resources, i.e. build is platform dependent!
2026-05-23 16:50:58,607 [Worker-115: Building] INFO  o.a.m.s.f.DefaultMavenResourcesFiltering - skip non existing resourceDirectory C:\gfg-2\springBoot\spring-master\springDemo1\src\main\resources
2026-05-23 16:50:58,610 [Worker-115: Building] WARN  o.a.m.s.f.DefaultMavenResourcesFiltering - Using platform encoding (UTF-8 actually) to copy filtered resources, i.e. build is platform dependent!
2026-05-23 16:50:58,611 [Worker-115: Building] INFO  o.a.m.s.f.DefaultMavenResourcesFiltering - skip non existing resourceDirectory C:\gfg-2\springBoot\spring-master\springDemo1\src\test\resources
2026-05-23 17:39:20,020 [Worker-131: Building] INFO  o.e.m.c.i.l.LifecycleMappingFactory - Using org.eclipse.m2e.jdt.JarLifecycleMapping lifecycle mapping for MavenProject: com.hcl:springDemo1:0.0.1-SNAPSHOT @ C:\gfg-2\springBoot\spring-master\springDemo1\pom.xml.
2026-05-23 17:39:20,307 [Worker-131: Building] INFO  o.e.m.c.i.e.AbstractTransferListenerAdapter - Downloading https://repo.maven.apache.org/maven2/org/springframework/spring-context/6.1.20/spring-context-6.1.20.pom
2026-05-23 17:39:20,321 [Worker-131: Building] INFO  o.e.m.c.i.e.AbstractTransferListenerAdapter - Downloaded https://repo.maven.apache.org/maven2/org/springframework/spring-context/6.1.20/spring-context-6.1.20.pom
2026-05-23 17:39:20,356 [Worker-131: Building] INFO  o.e.m.c.i.e.AbstractTransferListenerAdapter - Downloading https://repo.maven.apache.org/maven2/org/springframework/spring-aop/6.1.20/spring-aop-6.1.20.pom
2026-05-23 17:39:20,363 [Worker-131: Building] INFO  o.e.m.c.i.e.AbstractTransferListenerAdapter - Downloaded https://repo.maven.apache.org/maven2/org/springframework/spring-aop/6.1.20/spring-aop-6.1.20.pom
2026-05-23 17:39:20,396 [Worker-131: Building] INFO  o.e.m.c.i.e.AbstractTransferListenerAdapter - Downloading https://repo.maven.apache.org/maven2/org/springframework/spring-beans/6.1.20/spring-beans-6.1.20.pom
2026-05-23 17:39:20,400 [Worker-131: Building] INFO  o.e.m.c.i.e.AbstractTransferListenerAdapter - Downloaded https://repo.maven.apache.org/maven2/org/springframework/spring-beans/6.1.20/spring-beans-6.1.20.pom
2026-05-23 17:39:20,436 [Worker-131: Building] INFO  o.e.m.c.i.e.AbstractTransferListenerAdapter - Downloading https://repo.maven.apache.org/maven2/org/springframework/spring-core/6.1.20/spring-core-6.1.20.pom
2026-05-23 17:39:20,441 [Worker-131: Building] INFO  o.e.m.c.i.e.AbstractTransferListenerAdapter - Downloaded https://repo.maven.apache.org/maven2/org/springframework/spring-core/6.1.20/spring-core-6.1.20.pom
2026-05-23 17:39:20,470 [Worker-131: Building] INFO  o.e.m.c.i.e.AbstractTransferListenerAdapter - Downloading https://repo.maven.apache.org/maven2/org/springframework/spring-jcl/6.1.20/spring-jcl-6.1.20.pom
2026-05-23 17:39:20,474 [Worker-131: Building] INFO  o.e.m.c.i.e.AbstractTransferListenerAdapter - Downloaded https://repo.maven.apache.org/maven2/org/springframework/spring-jcl/6.1.20/spring-jcl-6.1.20.pom
2026-05-23 17:39:20,507 [Worker-131: Building] INFO  o.e.m.c.i.e.AbstractTransferListenerAdapter - Downloading https://repo.maven.apache.org/maven2/org/springframework/spring-expression/6.1.20/spring-expression-6.1.20.pom
2026-05-23 17:39:20,511 [Worker-131: Building] INFO  o.e.m.c.i.e.AbstractTransferListenerAdapter - Downloaded https://repo.maven.apache.org/maven2/org/springframework/spring-expression/6.1.20/spring-expression-6.1.20.pom
2026-05-23 17:39:20,546 [Worker-131: Building] INFO  o.e.m.c.i.e.AbstractTransferListenerAdapter - Downloading https://repo.maven.apache.org/maven2/io/micrometer/micrometer-observation/1.12.12/micrometer-observation-1.12.12.pom
2026-05-23 17:39:20,553 [Worker-131: Building] INFO  o.e.m.c.i.e.AbstractTransferListenerAdapter - Downloaded https://repo.maven.apache.org/maven2/io/micrometer/micrometer-observation/1.12.12/micrometer-observation-1.12.12.pom
2026-05-23 17:39:20,587 [Worker-131: Building] INFO  o.e.m.c.i.e.AbstractTransferListenerAdapter - Downloading https://repo.maven.apache.org/maven2/io/micrometer/micrometer-commons/1.12.12/micrometer-commons-1.12.12.pom
2026-05-23 17:39:20,592 [Worker-131: Building] INFO  o.e.m.c.i.e.AbstractTransferListenerAdapter - Downloaded https://repo.maven.apache.org/maven2/io/micrometer/micrometer-commons/1.12.12/micrometer-commons-1.12.12.pom
2026-05-23 17:39:20,635 [Worker-131: Building] INFO  o.e.m.c.i.e.AbstractTransferListenerAdapter - Downloading https://repo.maven.apache.org/maven2/org/springframework/spring-context/6.1.20/spring-context-6.1.20.jar
2026-05-23 17:39:20,738 [Worker-131: Building] INFO  o.e.m.c.i.e.AbstractTransferListenerAdapter - Downloaded https://repo.maven.apache.org/maven2/org/springframework/spring-context/6.1.20/spring-context-6.1.20.jar
2026-05-23 17:39:20,763 [BasicRepositoryConnector-repo.maven.apache.org-0-0] INFO  o.e.m.c.i.e.AbstractTransferListenerAdapter - Downloading https://repo.maven.apache.org/maven2/org/springframework/spring-aop/6.1.20/spring-aop-6.1.20.jar
2026-05-23 17:39:20,792 [BasicRepositoryConnector-repo.maven.apache.org-0-0] INFO  o.e.m.c.i.e.AbstractTransferListenerAdapter - Downloaded https://repo.maven.apache.org/maven2/org/springframework/spring-aop/6.1.20/spring-aop-6.1.20.jar
2026-05-23 17:39:20,806 [BasicRepositoryConnector-repo.maven.apache.org-0-3] INFO  o.e.m.c.i.e.AbstractTransferListenerAdapter - Downloading https://repo.maven.apache.org/maven2/org/springframework/spring-jcl/6.1.20/spring-jcl-6.1.20.jar
2026-05-23 17:39:20,813 [BasicRepositoryConnector-repo.maven.apache.org-0-1] INFO  o.e.m.c.i.e.AbstractTransferListenerAdapter - Downloading https://repo.maven.apache.org/maven2/org/springframework/spring-beans/6.1.20/spring-beans-6.1.20.jar
2026-05-23 17:39:20,813 [BasicRepositoryConnector-repo.maven.apache.org-0-3] INFO  o.e.m.c.i.e.AbstractTransferListenerAdapter - Downloaded https://repo.maven.apache.org/maven2/org/springframework/spring-jcl/6.1.20/spring-jcl-6.1.20.jar
2026-05-23 17:39:20,819 [BasicRepositoryConnector-repo.maven.apache.org-0-4] INFO  o.e.m.c.i.e.AbstractTransferListenerAdapter - Downloading https://repo.maven.apache.org/maven2/org/springframework/spring-expression/6.1.20/spring-expression-6.1.20.jar
2026-05-23 17:39:20,820 [BasicRepositoryConnector-repo.maven.apache.org-0-0] INFO  o.e.m.c.i.e.AbstractTransferListenerAdapter - Downloading https://repo.maven.apache.org/maven2/io/micrometer/micrometer-observation/1.12.12/micrometer-observation-1.12.12.jar
2026-05-23 17:39:20,827 [BasicRepositoryConnector-repo.maven.apache.org-0-2] INFO  o.e.m.c.i.e.AbstractTransferListenerAdapter - Downloading https://repo.maven.apache.org/maven2/org/springframework/spring-core/6.1.20/spring-core-6.1.20.jar
2026-05-23 17:39:20,830 [BasicRepositoryConnector-repo.maven.apache.org-0-0] INFO  o.e.m.c.i.e.AbstractTransferListenerAdapter - Downloaded https://repo.maven.apache.org/maven2/io/micrometer/micrometer-observation/1.12.12/micrometer-observation-1.12.12.jar
2026-05-23 17:39:20,845 [BasicRepositoryConnector-repo.maven.apache.org-0-3] INFO  o.e.m.c.i.e.AbstractTransferListenerAdapter - Downloading https://repo.maven.apache.org/maven2/io/micrometer/micrometer-commons/1.12.12/micrometer-commons-1.12.12.jar
2026-05-23 17:39:20,863 [BasicRepositoryConnector-repo.maven.apache.org-0-3] INFO  o.e.m.c.i.e.AbstractTransferListenerAdapter - Downloaded https://repo.maven.apache.org/maven2/io/micrometer/micrometer-commons/1.12.12/micrometer-commons-1.12.12.jar
2026-05-23 17:39:20,875 [BasicRepositoryConnector-repo.maven.apache.org-0-4] INFO  o.e.m.c.i.e.AbstractTransferListenerAdapter - Downloaded https://repo.maven.apache.org/maven2/org/springframework/spring-expression/6.1.20/spring-expression-6.1.20.jar
2026-05-23 17:39:20,953 [BasicRepositoryConnector-repo.maven.apache.org-0-1] INFO  o.e.m.c.i.e.AbstractTransferListenerAdapter - Downloaded https://repo.maven.apache.org/maven2/org/springframework/spring-beans/6.1.20/spring-beans-6.1.20.jar
2026-05-23 17:39:21,027 [BasicRepositoryConnector-repo.maven.apache.org-0-2] INFO  o.e.m.c.i.e.AbstractTransferListenerAdapter - Downloaded https://repo.maven.apache.org/maven2/org/springframework/spring-core/6.1.20/spring-core-6.1.20.jar
2026-05-23 17:39:21,130 [Worker-131: Building] WARN  o.a.m.s.f.DefaultMavenResourcesFiltering - Using platform encoding (UTF-8 actually) to copy filtered resources, i.e. build is platform dependent!
2026-05-23 17:39:21,131 [Worker-131: Building] INFO  o.a.m.s.f.DefaultMavenResourcesFiltering - skip non existing resourceDirectory C:\gfg-2\springBoot\spring-master\springDemo1\src\main\resources
2026-05-23 17:39:21,134 [Worker-131: Building] WARN  o.a.m.s.f.DefaultMavenResourcesFiltering - Using platform encoding (UTF-8 actually) to copy filtered resources, i.e. build is platform dependent!
2026-05-23 17:39:21,135 [Worker-131: Building] INFO  o.a.m.s.f.DefaultMavenResourcesFiltering - skip non existing resourceDirectory C:\gfg-2\springBoot\spring-master\springDemo1\src\test\resources
2026-05-23 17:39:22,161 [Worker-130: Download sources and javadoc] INFO  o.e.m.c.i.e.AbstractTransferListenerAdapter - Downloading https://repo.maven.apache.org/maven2/org/springframework/spring-context/6.1.20/spring-context-6.1.20-sources.jar
2026-05-23 17:39:22,280 [Worker-130: Download sources and javadoc] INFO  o.e.m.c.i.e.AbstractTransferListenerAdapter - Downloaded https://repo.maven.apache.org/maven2/org/springframework/spring-context/6.1.20/spring-context-6.1.20-sources.jar
2026-05-23 17:39:22,288 [Worker-130: Download sources and javadoc] INFO  o.e.m.j.internal.DownloadSourcesJob - Downloaded sources for org.springframework:spring-context:6.1.20
2026-05-23 17:39:22,289 [Worker-133: Building] WARN  o.a.m.s.f.DefaultMavenResourcesFiltering - Using platform encoding (UTF-8 actually) to copy filtered resources, i.e. build is platform dependent!
2026-05-23 17:39:22,290 [Worker-133: Building] INFO  o.a.m.s.f.DefaultMavenResourcesFiltering - skip non existing resourceDirectory C:\gfg-2\springBoot\spring-master\springDemo1\src\main\resources
2026-05-23 17:39:22,295 [Worker-133: Building] WARN  o.a.m.s.f.DefaultMavenResourcesFiltering - Using platform encoding (UTF-8 actually) to copy filtered resources, i.e. build is platform dependent!
2026-05-23 17:39:22,296 [Worker-133: Building] INFO  o.a.m.s.f.DefaultMavenResourcesFiltering - skip non existing resourceDirectory C:\gfg-2\springBoot\spring-master\springDemo1\src\test\resources
2026-05-23 17:39:22,351 [Worker-130: Download sources and javadoc] INFO  o.e.m.c.i.e.AbstractTransferListenerAdapter - Downloading https://repo.maven.apache.org/maven2/org/springframework/spring-aop/6.1.20/spring-aop-6.1.20-sources.jar
2026-05-23 17:39:22,400 [Worker-130: Download sources and javadoc] INFO  o.e.m.c.i.e.AbstractTransferListenerAdapter - Downloaded https://repo.maven.apache.org/maven2/org/springframework/spring-aop/6.1.20/spring-aop-6.1.20-sources.jar
2026-05-23 17:39:22,403 [Worker-130: Download sources and javadoc] INFO  o.e.m.j.internal.DownloadSourcesJob - Downloaded sources for org.springframework:spring-aop:6.1.20
2026-05-23 17:39:22,452 [Worker-130: Download sources and javadoc] INFO  o.e.m.c.i.e.AbstractTransferListenerAdapter - Downloading https://repo.maven.apache.org/maven2/org/springframework/spring-beans/6.1.20/spring-beans-6.1.20-sources.jar
2026-05-23 17:39:22,528 [Worker-130: Download sources and javadoc] INFO  o.e.m.c.i.e.AbstractTransferListenerAdapter - Downloaded https://repo.maven.apache.org/maven2/org/springframework/spring-beans/6.1.20/spring-beans-6.1.20-sources.jar
2026-05-23 17:39:22,533 [Worker-130: Download sources and javadoc] INFO  o.e.m.j.internal.DownloadSourcesJob - Downloaded sources for org.springframework:spring-beans:6.1.20
2026-05-23 17:39:22,588 [Worker-130: Download sources and javadoc] INFO  o.e.m.c.i.e.AbstractTransferListenerAdapter - Downloading https://repo.maven.apache.org/maven2/org/springframework/spring-core/6.1.20/spring-core-6.1.20-sources.jar
2026-05-23 17:39:22,703 [Worker-130: Download sources and javadoc] INFO  o.e.m.c.i.e.AbstractTransferListenerAdapter - Downloaded https://repo.maven.apache.org/maven2/org/springframework/spring-core/6.1.20/spring-core-6.1.20-sources.jar
2026-05-23 17:39:22,708 [Worker-130: Download sources and javadoc] INFO  o.e.m.j.internal.DownloadSourcesJob - Downloaded sources for org.springframework:spring-core:6.1.20
2026-05-23 17:39:22,773 [Worker-130: Download sources and javadoc] INFO  o.e.m.c.i.e.AbstractTransferListenerAdapter - Downloading https://repo.maven.apache.org/maven2/org/springframework/spring-jcl/6.1.20/spring-jcl-6.1.20-sources.jar
2026-05-23 17:39:22,779 [Worker-130: Download sources and javadoc] INFO  o.e.m.c.i.e.AbstractTransferListenerAdapter - Downloaded https://repo.maven.apache.org/maven2/org/springframework/spring-jcl/6.1.20/spring-jcl-6.1.20-sources.jar
2026-05-23 17:39:22,785 [Worker-130: Download sources and javadoc] INFO  o.e.m.j.internal.DownloadSourcesJob - Downloaded sources for org.springframework:spring-jcl:6.1.20
2026-05-23 17:39:22,846 [Worker-130: Download sources and javadoc] INFO  o.e.m.c.i.e.AbstractTransferListenerAdapter - Downloading https://repo.maven.apache.org/maven2/org/springframework/spring-expression/6.1.20/spring-expression-6.1.20-sources.jar
2026-05-23 17:39:22,878 [Worker-130: Download sources and javadoc] INFO  o.e.m.c.i.e.AbstractTransferListenerAdapter - Downloaded https://repo.maven.apache.org/maven2/org/springframework/spring-expression/6.1.20/spring-expression-6.1.20-sources.jar
2026-05-23 17:39:22,884 [Worker-130: Download sources and javadoc] INFO  o.e.m.j.internal.DownloadSourcesJob - Downloaded sources for org.springframework:spring-expression:6.1.20
2026-05-23 17:39:22,938 [Worker-130: Download sources and javadoc] INFO  o.e.m.c.i.e.AbstractTransferListenerAdapter - Downloading https://repo.maven.apache.org/maven2/io/micrometer/micrometer-observation/1.12.12/micrometer-observation-1.12.12-sources.jar
2026-05-23 17:39:22,943 [Worker-130: Download sources and javadoc] INFO  o.e.m.c.i.e.AbstractTransferListenerAdapter - Downloaded https://repo.maven.apache.org/maven2/io/micrometer/micrometer-observation/1.12.12/micrometer-observation-1.12.12-sources.jar
2026-05-23 17:39:22,947 [Worker-130: Download sources and javadoc] INFO  o.e.m.j.internal.DownloadSourcesJob - Downloaded sources for io.micrometer:micrometer-observation:1.12.12
2026-05-23 17:39:23,000 [Worker-130: Download sources and javadoc] INFO  o.e.m.c.i.e.AbstractTransferListenerAdapter - Downloading https://repo.maven.apache.org/maven2/io/micrometer/micrometer-commons/1.12.12/micrometer-commons-1.12.12-sources.jar
2026-05-23 17:39:23,010 [Worker-130: Download sources and javadoc] INFO  o.e.m.c.i.e.AbstractTransferListenerAdapter - Downloaded https://repo.maven.apache.org/maven2/io/micrometer/micrometer-commons/1.12.12/micrometer-commons-1.12.12-sources.jar
2026-05-23 17:39:23,015 [Worker-130: Download sources and javadoc] INFO  o.e.m.j.internal.DownloadSourcesJob - Downloaded sources for io.micrometer:micrometer-commons:1.12.12
2026-05-23 17:44:25,325 [Worker-131: Building] WARN  o.a.m.s.f.DefaultMavenResourcesFiltering - Using platform encoding (UTF-8 actually) to copy filtered resources, i.e. build is platform dependent!
2026-05-23 17:44:25,326 [Worker-131: Building] INFO  o.a.m.s.f.DefaultMavenResourcesFiltering - skip non existing resourceDirectory C:\gfg-2\springBoot\spring-master\springDemo1\src\main\resources
2026-05-23 17:44:25,334 [Worker-131: Building] WARN  o.a.m.s.f.DefaultMavenResourcesFiltering - Using platform encoding (UTF-8 actually) to copy filtered resources, i.e. build is platform dependent!
2026-05-23 17:44:25,336 [Worker-131: Building] INFO  o.a.m.s.f.DefaultMavenResourcesFiltering - skip non existing resourceDirectory C:\gfg-2\springBoot\spring-master\springDemo1\src\test\resources
2026-05-23 17:45:50,606 [Worker-136: Building] WARN  o.a.m.s.f.DefaultMavenResourcesFiltering - Using platform encoding (UTF-8 actually) to copy filtered resources, i.e. build is platform dependent!
2026-05-23 17:45:50,607 [Worker-136: Building] INFO  o.a.m.s.f.DefaultMavenResourcesFiltering - skip non existing resourceDirectory C:\gfg-2\springBoot\spring-master\springDemo1\src\main\resources
2026-05-23 17:45:50,611 [Worker-136: Building] WARN  o.a.m.s.f.DefaultMavenResourcesFiltering - Using platform encoding (UTF-8 actually) to copy filtered resources, i.e. build is platform dependent!
2026-05-23 17:45:50,614 [Worker-136: Building] INFO  o.a.m.s.f.DefaultMavenResourcesFiltering - skip non existing resourceDirectory C:\gfg-2\springBoot\spring-master\springDemo1\src\test\resources
2026-05-23 17:46:24,144 [Worker-135: Building] WARN  o.a.m.s.f.DefaultMavenResourcesFiltering - Using platform encoding (UTF-8 actually) to copy filtered resources, i.e. build is platform dependent!
2026-05-23 17:46:24,146 [Worker-135: Building] INFO  o.a.m.s.f.DefaultMavenResourcesFiltering - skip non existing resourceDirectory C:\gfg-2\springBoot\spring-master\springDemo1\src\main\resources
2026-05-23 17:46:24,149 [Worker-135: Building] WARN  o.a.m.s.f.DefaultMavenResourcesFiltering - Using platform encoding (UTF-8 actually) to copy filtered resources, i.e. build is platform dependent!
2026-05-23 17:46:24,150 [Worker-135: Building] INFO  o.a.m.s.f.DefaultMavenResourcesFiltering - skip non existing resourceDirectory C:\gfg-2\springBoot\spring-master\springDemo1\src\test\resources
2026-05-23 17:49:15,361 [Worker-137: Building] WARN  o.a.m.s.f.DefaultMavenResourcesFiltering - Using platform encoding (UTF-8 actually) to copy filtered resources, i.e. build is platform dependent!
2026-05-23 17:49:15,363 [Worker-137: Building] INFO  o.a.m.s.f.DefaultMavenResourcesFiltering - skip non existing resourceDirectory C:\gfg-2\springBoot\spring-master\springDemo1\src\main\resources
2026-05-23 17:49:15,367 [Worker-137: Building] WARN  o.a.m.s.f.DefaultMavenResourcesFiltering - Using platform encoding (UTF-8 actually) to copy filtered resources, i.e. build is platform dependent!
2026-05-23 17:49:15,368 [Worker-137: Building] INFO  o.a.m.s.f.DefaultMavenResourcesFiltering - skip non existing resourceDirectory C:\gfg-2\springBoot\spring-master\springDemo1\src\test\resources
2026-05-23 17:49:26,394 [Worker-134: Building] WARN  o.a.m.s.f.DefaultMavenResourcesFiltering - Using platform encoding (UTF-8 actually) to copy filtered resources, i.e. build is platform dependent!
2026-05-23 17:49:26,395 [Worker-134: Building] INFO  o.a.m.s.f.DefaultMavenResourcesFiltering - skip non existing resourceDirectory C:\gfg-2\springBoot\spring-master\springDemo1\src\main\resources
2026-05-23 17:49:26,398 [Worker-134: Building] WARN  o.a.m.s.f.DefaultMavenResourcesFiltering - Using platform encoding (UTF-8 actually) to copy filtered resources, i.e. build is platform dependent!
2026-05-23 17:49:26,399 [Worker-134: Building] INFO  o.a.m.s.f.DefaultMavenResourcesFiltering - skip non existing resourceDirectory C:\gfg-2\springBoot\spring-master\springDemo1\src\test\resources
2026-05-23 17:49:50,562 [Worker-137: Building] WARN  o.a.m.s.f.DefaultMavenResourcesFiltering - Using platform encoding (UTF-8 actually) to copy filtered resources, i.e. build is platform dependent!
2026-05-23 17:49:50,563 [Worker-137: Building] INFO  o.a.m.s.f.DefaultMavenResourcesFiltering - skip non existing resourceDirectory C:\gfg-2\springBoot\spring-master\springDemo1\src\main\resources
2026-05-23 17:49:50,566 [Worker-137: Building] WARN  o.a.m.s.f.DefaultMavenResourcesFiltering - Using platform encoding (UTF-8 actually) to copy filtered resources, i.e. build is platform dependent!
2026-05-23 17:49:50,567 [Worker-137: Building] INFO  o.a.m.s.f.DefaultMavenResourcesFiltering - skip non existing resourceDirectory C:\gfg-2\springBoot\spring-master\springDemo1\src\test\resources
2026-05-23 17:55:16,722 [Worker-139: Building] WARN  o.a.m.s.f.DefaultMavenResourcesFiltering - Using platform encoding (UTF-8 actually) to copy filtered resources, i.e. build is platform dependent!
2026-05-23 17:55:16,724 [Worker-139: Building] INFO  o.a.m.s.f.DefaultMavenResourcesFiltering - skip non existing resourceDirectory C:\gfg-2\springBoot\spring-master\springDemo1\src\main\resources
2026-05-23 17:55:16,727 [Worker-139: Building] WARN  o.a.m.s.f.DefaultMavenResourcesFiltering - Using platform encoding (UTF-8 actually) to copy filtered resources, i.e. build is platform dependent!
2026-05-23 17:55:16,729 [Worker-139: Building] INFO  o.a.m.s.f.DefaultMavenResourcesFiltering - skip non existing resourceDirectory C:\gfg-2\springBoot\spring-master\springDemo1\src\test\resources
2026-05-23 17:59:36,556 [Worker-144: Building] WARN  o.a.m.s.f.DefaultMavenResourcesFiltering - Using platform encoding (UTF-8 actually) to copy filtered resources, i.e. build is platform dependent!
2026-05-23 17:59:36,558 [Worker-144: Building] INFO  o.a.m.s.f.DefaultMavenResourcesFiltering - skip non existing resourceDirectory C:\gfg-2\springBoot\spring-master\springDemo1\src\main\resources
2026-05-23 17:59:36,559 [Worker-144: Building] WARN  o.a.m.s.f.DefaultMavenResourcesFiltering - Using platform encoding (UTF-8 actually) to copy filtered resources, i.e. build is platform dependent!
2026-05-23 17:59:36,561 [Worker-144: Building] INFO  o.a.m.s.f.DefaultMavenResourcesFiltering - skip non existing resourceDirectory C:\gfg-2\springBoot\spring-master\springDemo1\src\test\resources
2026-05-23 18:01:40,314 [Worker-146: Building] WARN  o.a.m.s.f.DefaultMavenResourcesFiltering - Using platform encoding (UTF-8 actually) to copy filtered resources, i.e. build is platform dependent!
2026-05-23 18:01:40,316 [Worker-146: Building] INFO  o.a.m.s.f.DefaultMavenResourcesFiltering - skip non existing resourceDirectory C:\gfg-2\springBoot\spring-master\springDemo1\src\main\resources
2026-05-23 18:01:40,319 [Worker-146: Building] WARN  o.a.m.s.f.DefaultMavenResourcesFiltering - Using platform encoding (UTF-8 actually) to copy filtered resources, i.e. build is platform dependent!
2026-05-23 18:01:40,320 [Worker-146: Building] INFO  o.a.m.s.f.DefaultMavenResourcesFiltering - skip non existing resourceDirectory C:\gfg-2\springBoot\spring-master\springDemo1\src\test\resources
2026-05-23 18:01:42,010 [Worker-148: Building] WARN  o.a.m.s.f.DefaultMavenResourcesFiltering - Using platform encoding (UTF-8 actually) to copy filtered resources, i.e. build is platform dependent!
2026-05-23 18:01:42,012 [Worker-148: Building] INFO  o.a.m.s.f.DefaultMavenResourcesFiltering - skip non existing resourceDirectory C:\gfg-2\springBoot\spring-master\springDemo1\src\main\resources
2026-05-23 18:01:42,013 [Worker-148: Building] WARN  o.a.m.s.f.DefaultMavenResourcesFiltering - Using platform encoding (UTF-8 actually) to copy filtered resources, i.e. build is platform dependent!
2026-05-23 18:01:42,014 [Worker-148: Building] INFO  o.a.m.s.f.DefaultMavenResourcesFiltering - skip non existing resourceDirectory C:\gfg-2\springBoot\spring-master\springDemo1\src\test\resources
2026-05-23 18:01:47,511 [Worker-148: Building] WARN  o.a.m.s.f.DefaultMavenResourcesFiltering - Using platform encoding (UTF-8 actually) to copy filtered resources, i.e. build is platform dependent!
2026-05-23 18:01:47,512 [Worker-148: Building] INFO  o.a.m.s.f.DefaultMavenResourcesFiltering - skip non existing resourceDirectory C:\gfg-2\springBoot\spring-master\springDemo1\src\main\resources
2026-05-23 18:01:47,514 [Worker-148: Building] WARN  o.a.m.s.f.DefaultMavenResourcesFiltering - Using platform encoding (UTF-8 actually) to copy filtered resources, i.e. build is platform dependent!
2026-05-23 18:01:47,515 [Worker-148: Building] INFO  o.a.m.s.f.DefaultMavenResourcesFiltering - skip non existing resourceDirectory C:\gfg-2\springBoot\spring-master\springDemo1\src\test\resources
2026-05-23 18:01:54,126 [Worker-142: Building] WARN  o.a.m.s.f.DefaultMavenResourcesFiltering - Using platform encoding (UTF-8 actually) to copy filtered resources, i.e. build is platform dependent!
2026-05-23 18:01:54,127 [Worker-142: Building] INFO  o.a.m.s.f.DefaultMavenResourcesFiltering - skip non existing resourceDirectory C:\gfg-2\springBoot\spring-master\springDemo1\src\main\resources
2026-05-23 18:01:54,130 [Worker-142: Building] WARN  o.a.m.s.f.DefaultMavenResourcesFiltering - Using platform encoding (UTF-8 actually) to copy filtered resources, i.e. build is platform dependent!
2026-05-23 18:01:54,131 [Worker-142: Building] INFO  o.a.m.s.f.DefaultMavenResourcesFiltering - skip non existing resourceDirectory C:\gfg-2\springBoot\spring-master\springDemo1\src\test\resources
2026-05-23 18:01:57,307 [Worker-148: Building] WARN  o.a.m.s.f.DefaultMavenResourcesFiltering - Using platform encoding (UTF-8 actually) to copy filtered resources, i.e. build is platform dependent!
2026-05-23 18:01:57,307 [Worker-148: Building] INFO  o.a.m.s.f.DefaultMavenResourcesFiltering - skip non existing resourceDirectory C:\gfg-2\springBoot\spring-master\springDemo1\src\main\resources
2026-05-23 18:01:57,309 [Worker-148: Building] WARN  o.a.m.s.f.DefaultMavenResourcesFiltering - Using platform encoding (UTF-8 actually) to copy filtered resources, i.e. build is platform dependent!
2026-05-23 18:01:57,309 [Worker-148: Building] INFO  o.a.m.s.f.DefaultMavenResourcesFiltering - skip non existing resourceDirectory C:\gfg-2\springBoot\spring-master\springDemo1\src\test\resources
2026-05-23 18:03:29,884 [Worker-147: Building] WARN  o.a.m.s.f.DefaultMavenResourcesFiltering - Using platform encoding (UTF-8 actually) to copy filtered resources, i.e. build is platform dependent!
2026-05-23 18:03:29,885 [Worker-147: Building] INFO  o.a.m.s.f.DefaultMavenResourcesFiltering - skip non existing resourceDirectory C:\gfg-2\springBoot\spring-master\springDemo1\src\main\resources
2026-05-23 18:03:29,888 [Worker-147: Building] WARN  o.a.m.s.f.DefaultMavenResourcesFiltering - Using platform encoding (UTF-8 actually) to copy filtered resources, i.e. build is platform dependent!
2026-05-23 18:03:29,889 [Worker-147: Building] INFO  o.a.m.s.f.DefaultMavenResourcesFiltering - skip non existing resourceDirectory C:\gfg-2\springBoot\spring-master\springDemo1\src\test\resources
2026-05-23 18:03:43,333 [Worker-142: Building] WARN  o.a.m.s.f.DefaultMavenResourcesFiltering - Using platform encoding (UTF-8 actually) to copy filtered resources, i.e. build is platform dependent!
2026-05-23 18:03:43,334 [Worker-142: Building] INFO  o.a.m.s.f.DefaultMavenResourcesFiltering - skip non existing resourceDirectory C:\gfg-2\springBoot\spring-master\springDemo1\src\main\resources
2026-05-23 18:03:43,336 [Worker-142: Building] WARN  o.a.m.s.f.DefaultMavenResourcesFiltering - Using platform encoding (UTF-8 actually) to copy filtered resources, i.e. build is platform dependent!
2026-05-23 18:03:43,336 [Worker-142: Building] INFO  o.a.m.s.f.DefaultMavenResourcesFiltering - skip non existing resourceDirectory C:\gfg-2\springBoot\spring-master\springDemo1\src\test\resources
2026-05-23 18:06:16,080 [Worker-147: Building] WARN  o.a.m.s.f.DefaultMavenResourcesFiltering - Using platform encoding (UTF-8 actually) to copy filtered resources, i.e. build is platform dependent!
2026-05-23 18:06:16,080 [Worker-147: Building] INFO  o.a.m.s.f.DefaultMavenResourcesFiltering - skip non existing resourceDirectory C:\gfg-2\springBoot\spring-master\springDemo1\src\main\resources
2026-05-23 18:06:16,084 [Worker-147: Building] WARN  o.a.m.s.f.DefaultMavenResourcesFiltering - Using platform encoding (UTF-8 actually) to copy filtered resources, i.e. build is platform dependent!
2026-05-23 18:06:16,085 [Worker-147: Building] INFO  o.a.m.s.f.DefaultMavenResourcesFiltering - skip non existing resourceDirectory C:\gfg-2\springBoot\spring-master\springDemo1\src\test\resources
2026-05-23 18:10:20,492 [Worker-148: Building] WARN  o.a.m.s.f.DefaultMavenResourcesFiltering - Using platform encoding (UTF-8 actually) to copy filtered resources, i.e. build is platform dependent!
2026-05-23 18:10:20,493 [Worker-148: Building] INFO  o.a.m.s.f.DefaultMavenResourcesFiltering - skip non existing resourceDirectory C:\gfg-2\springBoot\spring-master\springDemo1\src\main\resources
2026-05-23 18:10:20,494 [Worker-148: Building] WARN  o.a.m.s.f.DefaultMavenResourcesFiltering - Using platform encoding (UTF-8 actually) to copy filtered resources, i.e. build is platform dependent!
2026-05-23 18:10:20,495 [Worker-148: Building] INFO  o.a.m.s.f.DefaultMavenResourcesFiltering - skip non existing resourceDirectory C:\gfg-2\springBoot\spring-master\springDemo1\src\test\resources
2026-05-23 19:15:15,615 [Worker-168: Importing Maven projects] INFO  o.e.m.c.i.l.LifecycleMappingFactory - Using org.maven.ide.eclipse.wtp.WarLifecycleMapping lifecycle mapping for MavenProject: com.gl:springMvc:0.0.1-SNAPSHOT @ C:\JBLD94\spring-master (2)\spring-master\springMvc\pom.xml.
2026-05-23 19:15:15,712 [Worker-168: Importing Maven projects] WARN  o.e.m.c.i.embedder.EclipseLogger - The artifact mysql:mysql-connector-java:jar:8.0.31 has been relocated to com.mysql:mysql-connector-j:jar:8.0.31: MySQL Connector/J artifacts moved to reverse-DNS compliant Maven 2+ coordinates.
2026-05-23 19:15:15,831 [Worker-168: Importing Maven projects] WARN  o.e.m.c.i.embedder.EclipseLogger - The artifact mysql:mysql-connector-java:jar:8.0.31 has been relocated to com.mysql:mysql-connector-j:jar:8.0.31: MySQL Connector/J artifacts moved to reverse-DNS compliant Maven 2+ coordinates.
2026-05-23 19:15:16,777 [Worker-168: Importing Maven projects] INFO  o.e.m.j.i.AbstractJavaProjectConfigurator - Adding source folder /springMvc/src/main/java
2026-05-23 19:15:16,778 [Worker-168: Importing Maven projects] INFO  o.e.m.j.i.AbstractJavaProjectConfigurator - Adding resource folder /springMvc/src/main/resources
2026-05-23 19:15:16,779 [Worker-168: Importing Maven projects] INFO  o.e.m.j.i.AbstractJavaProjectConfigurator - Adding source folder /springMvc/src/test/java
2026-05-23 19:15:16,779 [Worker-168: Importing Maven projects] INFO  o.e.m.j.i.AbstractJavaProjectConfigurator - Adding resource folder /springMvc/src/test/resources
2026-05-23 19:15:17,898 [Worker-168: Importing Maven projects] WARN  o.e.m.c.i.embedder.EclipseLogger - The artifact mysql:mysql-connector-java:jar:8.0.31 has been relocated to com.mysql:mysql-connector-j:jar:8.0.31: MySQL Connector/J artifacts moved to reverse-DNS compliant Maven 2+ coordinates.
2026-05-23 19:15:17,931 [Worker-168: Importing Maven projects] INFO  o.e.m.c.i.p.ProjectConfigurationManager - Imported and configured 1 project(s) in 2 sec
2026-05-23 19:15:18,081 [Worker-171: Building Project springMvc] WARN  o.a.m.s.f.DefaultMavenResourcesFiltering - Using platform encoding (UTF-8 actually) to copy filtered resources, i.e. build is platform dependent!
2026-05-23 19:15:18,082 [Worker-171: Building Project springMvc] INFO  o.a.m.s.f.DefaultMavenResourcesFiltering - skip non existing resourceDirectory C:\JBLD94\spring-master (2)\spring-master\springMvc\src\main\resources
2026-05-23 19:15:18,086 [Worker-171: Building Project springMvc] WARN  o.a.m.s.f.DefaultMavenResourcesFiltering - Using platform encoding (UTF-8 actually) to copy filtered resources, i.e. build is platform dependent!
2026-05-23 19:15:18,087 [Worker-171: Building Project springMvc] INFO  o.a.m.s.f.DefaultMavenResourcesFiltering - skip non existing resourceDirectory C:\JBLD94\spring-master (2)\spring-master\springMvc\src\test\resources
2026-05-23 19:18:17,442 [Worker-163: Importing Maven projects] INFO  o.e.m.c.i.l.LifecycleMappingFactory - Using org.eclipse.m2e.jdt.JarLifecycleMapping lifecycle mapping for MavenProject: com.infy:InfyBankLogin_SpringMVC:0.0.1-SNAPSHOT @ C:\JBLD94\InfyBankLogin_SpringMVC\pom.xml.
2026-05-23 19:18:18,372 [Worker-163: Importing Maven projects] INFO  o.e.m.j.i.AbstractJavaProjectConfigurator - Adding source folder /InfyBankLogin_SpringMVC/src/main/java
2026-05-23 19:18:18,373 [Worker-163: Importing Maven projects] INFO  o.e.m.j.i.AbstractJavaProjectConfigurator - Adding resource folder /InfyBankLogin_SpringMVC/src/main/resources
2026-05-23 19:18:18,377 [Worker-163: Importing Maven projects] INFO  o.e.m.j.i.AbstractJavaProjectConfigurator - Adding resource folder /InfyBankLogin_SpringMVC/src/main/resources
2026-05-23 19:18:18,381 [Worker-163: Importing Maven projects] INFO  o.e.m.j.i.AbstractJavaProjectConfigurator - Adding source folder /InfyBankLogin_SpringMVC/src/test/java
2026-05-23 19:18:18,382 [Worker-163: Importing Maven projects] INFO  o.e.m.j.i.AbstractJavaProjectConfigurator - Adding resource folder /InfyBankLogin_SpringMVC/src/test/resources
2026-05-23 19:18:18,639 [Worker-163: Importing Maven projects] INFO  o.e.m.c.i.p.ProjectConfigurationManager - Imported and configured 1 project(s) in 1 sec
2026-05-23 19:18:19,375 [Worker-176: Building] INFO  o.e.m.c.i.embedder.EclipseLogger - Using 'UTF-8' encoding to copy filtered resources.
2026-05-23 19:18:19,375 [Worker-176: Building] INFO  o.e.m.c.i.embedder.EclipseLogger - Using 'UTF-8' encoding to copy filtered properties files.
2026-05-23 19:18:19,376 [Worker-176: Building] INFO  o.e.m.c.i.embedder.EclipseLogger - Copying 1 resource
2026-05-23 19:18:19,390 [Worker-176: Building] INFO  o.e.m.c.i.embedder.EclipseLogger - Copying 1 resource
2026-05-23 19:18:19,397 [Worker-176: Building] INFO  o.e.m.c.i.embedder.EclipseLogger - Using 'UTF-8' encoding to copy filtered resources.
2026-05-23 19:18:19,397 [Worker-176: Building] INFO  o.e.m.c.i.embedder.EclipseLogger - Using 'UTF-8' encoding to copy filtered properties files.
2026-05-23 19:18:19,397 [Worker-176: Building] INFO  o.e.m.c.i.embedder.EclipseLogger - skip non existing resourceDirectory C:\JBLD94\InfyBankLogin_SpringMVC\src\test\resources
2026-05-23 19:23:47,672 [Worker-179: Building] INFO  o.a.m.s.f.DefaultMavenResourcesFiltering - Copying 1 resource from src\main\resources to target\classes
2026-05-23 19:23:47,679 [Worker-179: Building] INFO  o.a.m.s.f.DefaultMavenResourcesFiltering - Copying 0 resource from src\main\resources to target\classes
2026-05-23 19:23:47,682 [Worker-179: Building] INFO  o.a.m.s.f.DefaultMavenResourcesFiltering - skip non existing resourceDirectory C:\gfg-2\springBoot\DI\DI\src\test\resources
2026-05-23 19:23:48,769 [Worker-176: Building] INFO  o.a.m.s.f.DefaultMavenResourcesFiltering - Copying 1 resource from src\main\resources to target\classes
2026-05-23 19:23:48,776 [Worker-176: Building] INFO  o.a.m.s.f.DefaultMavenResourcesFiltering - Copying 0 resource from src\main\resources to target\classes
2026-05-23 19:23:48,779 [Worker-176: Building] INFO  o.a.m.s.f.DefaultMavenResourcesFiltering - skip non existing resourceDirectory C:\gfg-2\springBoot\DI\DI\src\test\resources
2026-05-23 19:24:55,780 [Worker-183: Building] INFO  o.a.m.s.f.DefaultMavenResourcesFiltering - Copying 1 resource from src\main\resources to target\classes
2026-05-23 19:24:55,785 [Worker-183: Building] INFO  o.a.m.s.f.DefaultMavenResourcesFiltering - Copying 0 resource from src\main\resources to target\classes
2026-05-23 19:24:55,790 [Worker-183: Building] INFO  o.a.m.s.f.DefaultMavenResourcesFiltering - skip non existing resourceDirectory C:\gfg-2\springBoot\DI\DI\src\test\resources
2026-05-23 19:25:00,830 [Worker-182: Building] INFO  o.a.m.s.f.DefaultMavenResourcesFiltering - Copying 1 resource from src\main\resources to target\classes
2026-05-23 19:25:00,834 [Worker-182: Building] INFO  o.a.m.s.f.DefaultMavenResourcesFiltering - Copying 0 resource from src\main\resources to target\classes
2026-05-23 19:25:00,836 [Worker-182: Building] INFO  o.a.m.s.f.DefaultMavenResourcesFiltering - skip non existing resourceDirectory C:\gfg-2\springBoot\DI\DI\src\test\resources
2026-05-23 19:29:03,998 [Worker-183: Building] WARN  o.a.m.s.f.DefaultMavenResourcesFiltering - Using platform encoding (UTF-8 actually) to copy filtered resources, i.e. build is platform dependent!
2026-05-23 19:29:03,999 [Worker-183: Building] INFO  o.a.m.s.f.DefaultMavenResourcesFiltering - skip non existing resourceDirectory C:\gfg-2\springBoot\spring-master\springDemo1\src\main\resources
2026-05-23 19:29:04,002 [Worker-183: Building] WARN  o.a.m.s.f.DefaultMavenResourcesFiltering - Using platform encoding (UTF-8 actually) to copy filtered resources, i.e. build is platform dependent!
2026-05-23 19:29:04,003 [Worker-183: Building] INFO  o.a.m.s.f.DefaultMavenResourcesFiltering - skip non existing resourceDirectory C:\gfg-2\springBoot\spring-master\springDemo1\src\test\resources
2026-05-23 19:29:09,336 [Worker-179: Building] WARN  o.a.m.s.f.DefaultMavenResourcesFiltering - Using platform encoding (UTF-8 actually) to copy filtered resources, i.e. build is platform dependent!
2026-05-23 19:29:09,337 [Worker-179: Building] INFO  o.a.m.s.f.DefaultMavenResourcesFiltering - skip non existing resourceDirectory C:\gfg-2\springBoot\spring-master\springDemo1\src\main\resources
2026-05-23 19:29:09,338 [Worker-179: Building] WARN  o.a.m.s.f.DefaultMavenResourcesFiltering - Using platform encoding (UTF-8 actually) to copy filtered resources, i.e. build is platform dependent!
2026-05-23 19:29:09,339 [Worker-179: Building] INFO  o.a.m.s.f.DefaultMavenResourcesFiltering - skip non existing resourceDirectory C:\gfg-2\springBoot\spring-master\springDemo1\src\test\resources
2026-05-23 19:29:20,932 [Worker-183: Building] WARN  o.a.m.s.f.DefaultMavenResourcesFiltering - Using platform encoding (UTF-8 actually) to copy filtered resources, i.e. build is platform dependent!
2026-05-23 19:29:20,933 [Worker-183: Building] INFO  o.a.m.s.f.DefaultMavenResourcesFiltering - skip non existing resourceDirectory C:\gfg-2\springBoot\spring-master\springDemo1\src\main\resources
2026-05-23 19:29:20,934 [Worker-183: Building] WARN  o.a.m.s.f.DefaultMavenResourcesFiltering - Using platform encoding (UTF-8 actually) to copy filtered resources, i.e. build is platform dependent!
2026-05-23 19:29:20,935 [Worker-183: Building] INFO  o.a.m.s.f.DefaultMavenResourcesFiltering - skip non existing resourceDirectory C:\gfg-2\springBoot\spring-master\springDemo1\src\test\resources
2026-05-24 17:16:14,047 [Worker-192: Importing Maven projects] INFO  o.e.m.c.i.e.AbstractTransferListenerAdapter - Downloading https://repo.maven.apache.org/maven2/org/springframework/boot/spring-boot-starter-parent/3.5.14/spring-boot-starter-parent-3.5.14.pom
2026-05-24 17:16:14,062 [Worker-192: Importing Maven projects] INFO  o.e.m.c.i.e.AbstractTransferListenerAdapter - Downloaded https://repo.maven.apache.org/maven2/org/springframework/boot/spring-boot-starter-parent/3.5.14/spring-boot-starter-parent-3.5.14.pom
2026-05-24 17:16:14,113 [Worker-192: Importing Maven projects] INFO  o.e.m.c.i.e.AbstractTransferListenerAdapter - Downloading https://repo.maven.apache.org/maven2/org/springframework/boot/spring-boot-dependencies/3.5.14/spring-boot-dependencies-3.5.14.pom
2026-05-24 17:16:14,130 [Worker-192: Importing Maven projects] INFO  o.e.m.c.i.e.AbstractTransferListenerAdapter - Downloaded https://repo.maven.apache.org/maven2/org/springframework/boot/spring-boot-dependencies/3.5.14/spring-boot-dependencies-3.5.14.pom
2026-05-24 17:16:14,189 [Worker-192: Importing Maven projects] INFO  o.e.m.c.i.e.AbstractTransferListenerAdapter - Downloading https://repo.maven.apache.org/maven2/org/assertj/assertj-bom/3.27.7/assertj-bom-3.27.7.pom
2026-05-24 17:16:14,194 [Worker-192: Importing Maven projects] INFO  o.e.m.c.i.e.AbstractTransferListenerAdapter - Downloaded https://repo.maven.apache.org/maven2/org/assertj/assertj-bom/3.27.7/assertj-bom-3.27.7.pom
2026-05-24 17:16:14,229 [Worker-192: Importing Maven projects] INFO  o.e.m.c.i.e.AbstractTransferListenerAdapter - Downloading https://repo.maven.apache.org/maven2/io/zipkin/reporter2/zipkin-reporter-bom/3.5.3/zipkin-reporter-bom-3.5.3.pom
2026-05-24 17:16:14,675 [Worker-192: Importing Maven projects] INFO  o.e.m.c.i.e.AbstractTransferListenerAdapter - Downloaded https://repo.maven.apache.org/maven2/io/zipkin/reporter2/zipkin-reporter-bom/3.5.3/zipkin-reporter-bom-3.5.3.pom
2026-05-24 17:16:14,729 [Worker-192: Importing Maven projects] INFO  o.e.m.c.i.e.AbstractTransferListenerAdapter - Downloading https://repo.maven.apache.org/maven2/org/apache/groovy/groovy-bom/4.0.31/groovy-bom-4.0.31.pom
2026-05-24 17:16:14,736 [Worker-192: Importing Maven projects] INFO  o.e.m.c.i.e.AbstractTransferListenerAdapter - Downloaded https://repo.maven.apache.org/maven2/org/apache/groovy/groovy-bom/4.0.31/groovy-bom-4.0.31.pom
2026-05-24 17:16:14,779 [Worker-192: Importing Maven projects] INFO  o.e.m.c.i.e.AbstractTransferListenerAdapter - Downloading https://repo.maven.apache.org/maven2/com/fasterxml/jackson/jackson-bom/2.21.2/jackson-bom-2.21.2.pom
2026-05-24 17:16:14,783 [Worker-192: Importing Maven projects] INFO  o.e.m.c.i.e.AbstractTransferListenerAdapter - Downloaded https://repo.maven.apache.org/maven2/com/fasterxml/jackson/jackson-bom/2.21.2/jackson-bom-2.21.2.pom
2026-05-24 17:16:15,471 [Worker-192: Importing Maven projects] INFO  o.e.m.c.i.e.AbstractTransferListenerAdapter - Downloading https://repo.maven.apache.org/maven2/com/fasterxml/jackson/jackson-parent/2.21/jackson-parent-2.21.pom
2026-05-24 17:16:15,480 [Worker-192: Importing Maven projects] INFO  o.e.m.c.i.e.AbstractTransferListenerAdapter - Downloaded https://repo.maven.apache.org/maven2/com/fasterxml/jackson/jackson-parent/2.21/jackson-parent-2.21.pom
2026-05-24 17:16:15,515 [Worker-192: Importing Maven projects] INFO  o.e.m.c.i.e.AbstractTransferListenerAdapter - Downloading https://repo.maven.apache.org/maven2/com/fasterxml/oss-parent/75/oss-parent-75.pom
2026-05-24 17:16:15,522 [Worker-192: Importing Maven projects] INFO  o.e.m.c.i.e.AbstractTransferListenerAdapter - Downloaded https://repo.maven.apache.org/maven2/com/fasterxml/oss-parent/75/oss-parent-75.pom
2026-05-24 17:16:15,566 [Worker-192: Importing Maven projects] INFO  o.e.m.c.i.e.AbstractTransferListenerAdapter - Downloading https://repo.maven.apache.org/maven2/org/eclipse/jetty/ee10/jetty-ee10-bom/12.0.34/jetty-ee10-bom-12.0.34.pom
2026-05-24 17:16:15,583 [Worker-192: Importing Maven projects] INFO  o.e.m.c.i.e.AbstractTransferListenerAdapter - Downloaded https://repo.maven.apache.org/maven2/org/eclipse/jetty/ee10/jetty-ee10-bom/12.0.34/jetty-ee10-bom-12.0.34.pom
2026-05-24 17:16:15,620 [Worker-192: Importing Maven projects] INFO  o.e.m.c.i.e.AbstractTransferListenerAdapter - Downloading https://repo.maven.apache.org/maven2/org/eclipse/jetty/jetty-bom/12.0.34/jetty-bom-12.0.34.pom
2026-05-24 17:16:15,626 [Worker-192: Importing Maven projects] INFO  o.e.m.c.i.e.AbstractTransferListenerAdapter - Downloaded https://repo.maven.apache.org/maven2/org/eclipse/jetty/jetty-bom/12.0.34/jetty-bom-12.0.34.pom
2026-05-24 17:16:15,682 [Worker-192: Importing Maven projects] INFO  o.e.m.c.i.e.AbstractTransferListenerAdapter - Downloading https://repo.maven.apache.org/maven2/io/micrometer/micrometer-bom/1.15.11/micrometer-bom-1.15.11.pom
2026-05-24 17:16:15,690 [Worker-192: Importing Maven projects] INFO  o.e.m.c.i.e.AbstractTransferListenerAdapter - Downloaded https://repo.maven.apache.org/maven2/io/micrometer/micrometer-bom/1.15.11/micrometer-bom-1.15.11.pom
2026-05-24 17:16:15,984 [Worker-192: Importing Maven projects] INFO  o.e.m.c.i.e.AbstractTransferListenerAdapter - Downloading https://repo.maven.apache.org/maven2/io/netty/netty-bom/4.1.132.Final/netty-bom-4.1.132.Final.pom
2026-05-24 17:16:15,990 [Worker-192: Importing Maven projects] INFO  o.e.m.c.i.e.AbstractTransferListenerAdapter - Downloaded https://repo.maven.apache.org/maven2/io/netty/netty-bom/4.1.132.Final/netty-bom-4.1.132.Final.pom
2026-05-24 17:16:16,044 [Worker-192: Importing Maven projects] INFO  o.e.m.c.i.e.AbstractTransferListenerAdapter - Downloading https://repo.maven.apache.org/maven2/org/apache/pulsar/pulsar-bom/4.0.9/pulsar-bom-4.0.9.pom
2026-05-24 17:16:16,050 [Worker-192: Importing Maven projects] INFO  o.e.m.c.i.e.AbstractTransferListenerAdapter - Downloaded https://repo.maven.apache.org/maven2/org/apache/pulsar/pulsar-bom/4.0.9/pulsar-bom-4.0.9.pom
2026-05-24 17:16:16,097 [Worker-192: Importing Maven projects] INFO  o.e.m.c.i.e.AbstractTransferListenerAdapter - Downloading https://repo.maven.apache.org/maven2/io/projectreactor/reactor-bom/2024.0.17/reactor-bom-2024.0.17.pom
2026-05-24 17:16:16,101 [Worker-192: Importing Maven projects] INFO  o.e.m.c.i.e.AbstractTransferListenerAdapter - Downloaded https://repo.maven.apache.org/maven2/io/projectreactor/reactor-bom/2024.0.17/reactor-bom-2024.0.17.pom
2026-05-24 17:16:16,138 [Worker-192: Importing Maven projects] INFO  o.e.m.c.i.e.AbstractTransferListenerAdapter - Downloading https://repo.maven.apache.org/maven2/io/rest-assured/rest-assured-bom/5.5.7/rest-assured-bom-5.5.7.pom
2026-05-24 17:16:16,143 [Worker-192: Importing Maven projects] INFO  o.e.m.c.i.e.AbstractTransferListenerAdapter - Downloaded https://repo.maven.apache.org/maven2/io/rest-assured/rest-assured-bom/5.5.7/rest-assured-bom-5.5.7.pom
2026-05-24 17:16:16,182 [Worker-192: Importing Maven projects] INFO  o.e.m.c.i.e.AbstractTransferListenerAdapter - Downloading https://repo.maven.apache.org/maven2/org/springframework/amqp/spring-amqp-bom/3.2.10/spring-amqp-bom-3.2.10.pom
2026-05-24 17:16:16,186 [Worker-192: Importing Maven projects] INFO  o.e.m.c.i.e.AbstractTransferListenerAdapter - Downloaded https://repo.maven.apache.org/maven2/org/springframework/amqp/spring-amqp-bom/3.2.10/spring-amqp-bom-3.2.10.pom
2026-05-24 17:16:16,221 [Worker-192: Importing Maven projects] INFO  o.e.m.c.i.e.AbstractTransferListenerAdapter - Downloading https://repo.maven.apache.org/maven2/org/springframework/batch/spring-batch-bom/5.2.5/spring-batch-bom-5.2.5.pom
2026-05-24 17:16:16,226 [Worker-192: Importing Maven projects] INFO  o.e.m.c.i.e.AbstractTransferListenerAdapter - Downloaded https://repo.maven.apache.org/maven2/org/springframework/batch/spring-batch-bom/5.2.5/spring-batch-bom-5.2.5.pom
2026-05-24 17:16:16,261 [Worker-192: Importing Maven projects] INFO  o.e.m.c.i.e.AbstractTransferListenerAdapter - Downloading https://repo.maven.apache.org/maven2/org/springframework/data/spring-data-bom/2025.0.11/spring-data-bom-2025.0.11.pom
2026-05-24 17:16:16,266 [Worker-192: Importing Maven projects] INFO  o.e.m.c.i.e.AbstractTransferListenerAdapter - Downloaded https://repo.maven.apache.org/maven2/org/springframework/data/spring-data-bom/2025.0.11/spring-data-bom-2025.0.11.pom
2026-05-24 17:16:16,318 [Worker-192: Importing Maven projects] INFO  o.e.m.c.i.e.AbstractTransferListenerAdapter - Downloading https://repo.maven.apache.org/maven2/org/springframework/spring-framework-bom/6.2.18/spring-framework-bom-6.2.18.pom
2026-05-24 17:16:16,323 [Worker-192: Importing Maven projects] INFO  o.e.m.c.i.e.AbstractTransferListenerAdapter - Downloaded https://repo.maven.apache.org/maven2/org/springframework/spring-framework-bom/6.2.18/spring-framework-bom-6.2.18.pom
2026-05-24 17:16:16,360 [Worker-192: Importing Maven projects] INFO  o.e.m.c.i.e.AbstractTransferListenerAdapter - Downloading https://repo.maven.apache.org/maven2/org/springframework/integration/spring-integration-bom/6.5.8/spring-integration-bom-6.5.8.pom
2026-05-24 17:16:16,365 [Worker-192: Importing Maven projects] INFO  o.e.m.c.i.e.AbstractTransferListenerAdapter - Downloaded https://repo.maven.apache.org/maven2/org/springframework/integration/spring-integration-bom/6.5.8/spring-integration-bom-6.5.8.pom
2026-05-24 17:16:16,398 [Worker-192: Importing Maven projects] INFO  o.e.m.c.i.e.AbstractTransferListenerAdapter - Downloading https://repo.maven.apache.org/maven2/org/springframework/pulsar/spring-pulsar-bom/1.2.17/spring-pulsar-bom-1.2.17.pom
2026-05-24 17:16:16,403 [Worker-192: Importing Maven projects] INFO  o.e.m.c.i.e.AbstractTransferListenerAdapter - Downloaded https://repo.maven.apache.org/maven2/org/springframework/pulsar/spring-pulsar-bom/1.2.17/spring-pulsar-bom-1.2.17.pom
2026-05-24 17:16:16,439 [Worker-192: Importing Maven projects] INFO  o.e.m.c.i.e.AbstractTransferListenerAdapter - Downloading https://repo.maven.apache.org/maven2/org/springframework/security/spring-security-bom/6.5.10/spring-security-bom-6.5.10.pom
2026-05-24 17:16:16,442 [Worker-192: Importing Maven projects] INFO  o.e.m.c.i.e.AbstractTransferListenerAdapter - Downloaded https://repo.maven.apache.org/maven2/org/springframework/security/spring-security-bom/6.5.10/spring-security-bom-6.5.10.pom
2026-05-24 17:16:16,479 [Worker-192: Importing Maven projects] INFO  o.e.m.c.i.e.AbstractTransferListenerAdapter - Downloading https://repo.maven.apache.org/maven2/org/springframework/session/spring-session-bom/3.5.6/spring-session-bom-3.5.6.pom
2026-05-24 17:16:16,488 [Worker-192: Importing Maven projects] INFO  o.e.m.c.i.e.AbstractTransferListenerAdapter - Downloaded https://repo.maven.apache.org/maven2/org/springframework/session/spring-session-bom/3.5.6/spring-session-bom-3.5.6.pom
2026-05-24 17:16:16,529 [Worker-192: Importing Maven projects] INFO  o.e.m.c.i.e.AbstractTransferListenerAdapter - Downloading https://repo.maven.apache.org/maven2/org/springframework/ws/spring-ws-bom/4.1.3/spring-ws-bom-4.1.3.pom
2026-05-24 17:16:16,537 [Worker-192: Importing Maven projects] INFO  o.e.m.c.i.e.AbstractTransferListenerAdapter - Downloaded https://repo.maven.apache.org/maven2/org/springframework/ws/spring-ws-bom/4.1.3/spring-ws-bom-4.1.3.pom
2026-05-24 17:16:17,310 [Worker-192: Importing Maven projects] INFO  o.e.m.c.i.e.AbstractTransferListenerAdapter - Downloading https://repo.maven.apache.org/maven2/org/springframework/boot/spring-boot-maven-plugin/3.5.14/spring-boot-maven-plugin-3.5.14.pom
2026-05-24 17:16:17,317 [Worker-192: Importing Maven projects] INFO  o.e.m.c.i.e.AbstractTransferListenerAdapter - Downloaded https://repo.maven.apache.org/maven2/org/springframework/boot/spring-boot-maven-plugin/3.5.14/spring-boot-maven-plugin-3.5.14.pom
2026-05-24 17:16:17,353 [Worker-192: Importing Maven projects] INFO  o.e.m.c.i.e.AbstractTransferListenerAdapter - Downloading https://repo.maven.apache.org/maven2/org/springframework/boot/spring-boot-maven-plugin/3.5.14/spring-boot-maven-plugin-3.5.14.jar
2026-05-24 17:16:17,645 [Worker-192: Importing Maven projects] INFO  o.e.m.c.i.e.AbstractTransferListenerAdapter - Downloaded https://repo.maven.apache.org/maven2/org/springframework/boot/spring-boot-maven-plugin/3.5.14/spring-boot-maven-plugin-3.5.14.jar
2026-05-24 17:16:17,722 [Worker-192: Importing Maven projects] INFO  o.e.m.c.i.e.AbstractTransferListenerAdapter - Downloading https://repo.maven.apache.org/maven2/org/apache/maven/plugins/maven-surefire-plugin/3.5.5/maven-surefire-plugin-3.5.5.jar
2026-05-24 17:16:17,971 [Worker-192: Importing Maven projects] INFO  o.e.m.c.i.e.AbstractTransferListenerAdapter - Downloaded https://repo.maven.apache.org/maven2/org/apache/maven/plugins/maven-surefire-plugin/3.5.5/maven-surefire-plugin-3.5.5.jar
2026-05-24 17:16:18,140 [Worker-192: Importing Maven projects] INFO  o.e.m.c.i.l.LifecycleMappingFactory - Using org.eclipse.m2e.jdt.JarLifecycleMapping lifecycle mapping for MavenProject: com.demo:demo:0.0.1-SNAPSHOT @ C:\JBLD94\demo\demo\pom.xml.
2026-05-24 17:16:18,176 [Worker-192: Importing Maven projects] INFO  o.e.m.c.i.e.AbstractTransferListenerAdapter - Downloading https://repo.maven.apache.org/maven2/org/springframework/boot/spring-boot-starter-web/3.5.14/spring-boot-starter-web-3.5.14.pom
2026-05-24 17:16:18,183 [Worker-192: Importing Maven projects] INFO  o.e.m.c.i.e.AbstractTransferListenerAdapter - Downloaded https://repo.maven.apache.org/maven2/org/springframework/boot/spring-boot-starter-web/3.5.14/spring-boot-starter-web-3.5.14.pom
2026-05-24 17:16:18,222 [Worker-192: Importing Maven projects] INFO  o.e.m.c.i.e.AbstractTransferListenerAdapter - Downloading https://repo.maven.apache.org/maven2/org/springframework/boot/spring-boot-starter/3.5.14/spring-boot-starter-3.5.14.pom
2026-05-24 17:16:18,226 [Worker-192: Importing Maven projects] INFO  o.e.m.c.i.e.AbstractTransferListenerAdapter - Downloaded https://repo.maven.apache.org/maven2/org/springframework/boot/spring-boot-starter/3.5.14/spring-boot-starter-3.5.14.pom
2026-05-24 17:16:18,263 [Worker-192: Importing Maven projects] INFO  o.e.m.c.i.e.AbstractTransferListenerAdapter - Downloading https://repo.maven.apache.org/maven2/org/springframework/boot/spring-boot/3.5.14/spring-boot-3.5.14.pom
2026-05-24 17:16:18,267 [Worker-192: Importing Maven projects] INFO  o.e.m.c.i.e.AbstractTransferListenerAdapter - Downloaded https://repo.maven.apache.org/maven2/org/springframework/boot/spring-boot/3.5.14/spring-boot-3.5.14.pom
2026-05-24 17:16:18,315 [Worker-192: Importing Maven projects] INFO  o.e.m.c.i.e.AbstractTransferListenerAdapter - Downloading https://repo.maven.apache.org/maven2/org/springframework/spring-core/6.2.18/spring-core-6.2.18.pom
2026-05-24 17:16:18,347 [Worker-192: Importing Maven projects] INFO  o.e.m.c.i.e.AbstractTransferListenerAdapter - Downloaded https://repo.maven.apache.org/maven2/org/springframework/spring-core/6.2.18/spring-core-6.2.18.pom
2026-05-24 17:16:18,399 [Worker-192: Importing Maven projects] INFO  o.e.m.c.i.e.AbstractTransferListenerAdapter - Downloading https://repo.maven.apache.org/maven2/org/springframework/spring-jcl/6.2.18/spring-jcl-6.2.18.pom
2026-05-24 17:16:18,404 [Worker-192: Importing Maven projects] INFO  o.e.m.c.i.e.AbstractTransferListenerAdapter - Downloaded https://repo.maven.apache.org/maven2/org/springframework/spring-jcl/6.2.18/spring-jcl-6.2.18.pom
2026-05-24 17:16:18,439 [Worker-192: Importing Maven projects] INFO  o.e.m.c.i.e.AbstractTransferListenerAdapter - Downloading https://repo.maven.apache.org/maven2/org/springframework/spring-context/6.2.18/spring-context-6.2.18.pom
2026-05-24 17:16:18,443 [Worker-192: Importing Maven projects] INFO  o.e.m.c.i.e.AbstractTransferListenerAdapter - Downloaded https://repo.maven.apache.org/maven2/org/springframework/spring-context/6.2.18/spring-context-6.2.18.pom
2026-05-24 17:16:18,481 [Worker-192: Importing Maven projects] INFO  o.e.m.c.i.e.AbstractTransferListenerAdapter - Downloading https://repo.maven.apache.org/maven2/org/springframework/spring-aop/6.2.18/spring-aop-6.2.18.pom
2026-05-24 17:16:18,487 [Worker-192: Importing Maven projects] INFO  o.e.m.c.i.e.AbstractTransferListenerAdapter - Downloaded https://repo.maven.apache.org/maven2/org/springframework/spring-aop/6.2.18/spring-aop-6.2.18.pom
2026-05-24 17:16:18,524 [Worker-192: Importing Maven projects] INFO  o.e.m.c.i.e.AbstractTransferListenerAdapter - Downloading https://repo.maven.apache.org/maven2/org/springframework/spring-beans/6.2.18/spring-beans-6.2.18.pom
2026-05-24 17:16:18,529 [Worker-192: Importing Maven projects] INFO  o.e.m.c.i.e.AbstractTransferListenerAdapter - Downloaded https://repo.maven.apache.org/maven2/org/springframework/spring-beans/6.2.18/spring-beans-6.2.18.pom
2026-05-24 17:16:18,567 [Worker-192: Importing Maven projects] INFO  o.e.m.c.i.e.AbstractTransferListenerAdapter - Downloading https://repo.maven.apache.org/maven2/org/springframework/spring-expression/6.2.18/spring-expression-6.2.18.pom
2026-05-24 17:16:18,571 [Worker-192: Importing Maven projects] INFO  o.e.m.c.i.e.AbstractTransferListenerAdapter - Downloaded https://repo.maven.apache.org/maven2/org/springframework/spring-expression/6.2.18/spring-expression-6.2.18.pom
2026-05-24 17:16:18,609 [Worker-192: Importing Maven projects] INFO  o.e.m.c.i.e.AbstractTransferListenerAdapter - Downloading https://repo.maven.apache.org/maven2/io/micrometer/micrometer-observation/1.15.11/micrometer-observation-1.15.11.pom
2026-05-24 17:16:18,614 [Worker-192: Importing Maven projects] INFO  o.e.m.c.i.e.AbstractTransferListenerAdapter - Downloaded https://repo.maven.apache.org/maven2/io/micrometer/micrometer-observation/1.15.11/micrometer-observation-1.15.11.pom
2026-05-24 17:16:18,651 [Worker-192: Importing Maven projects] INFO  o.e.m.c.i.e.AbstractTransferListenerAdapter - Downloading https://repo.maven.apache.org/maven2/io/micrometer/micrometer-commons/1.15.11/micrometer-commons-1.15.11.pom
2026-05-24 17:16:18,655 [Worker-192: Importing Maven projects] INFO  o.e.m.c.i.e.AbstractTransferListenerAdapter - Downloaded https://repo.maven.apache.org/maven2/io/micrometer/micrometer-commons/1.15.11/micrometer-commons-1.15.11.pom
2026-05-24 17:16:18,703 [Worker-192: Importing Maven projects] INFO  o.e.m.c.i.e.AbstractTransferListenerAdapter - Downloading https://repo.maven.apache.org/maven2/org/springframework/boot/spring-boot-autoconfigure/3.5.14/spring-boot-autoconfigure-3.5.14.pom
2026-05-24 17:16:18,706 [Worker-192: Importing Maven projects] INFO  o.e.m.c.i.e.AbstractTransferListenerAdapter - Downloaded https://repo.maven.apache.org/maven2/org/springframework/boot/spring-boot-autoconfigure/3.5.14/spring-boot-autoconfigure-3.5.14.pom
2026-05-24 17:16:18,744 [Worker-192: Importing Maven projects] INFO  o.e.m.c.i.e.AbstractTransferListenerAdapter - Downloading https://repo.maven.apache.org/maven2/org/springframework/boot/spring-boot-starter-logging/3.5.14/spring-boot-starter-logging-3.5.14.pom
2026-05-24 17:16:18,749 [Worker-192: Importing Maven projects] INFO  o.e.m.c.i.e.AbstractTransferListenerAdapter - Downloaded https://repo.maven.apache.org/maven2/org/springframework/boot/spring-boot-starter-logging/3.5.14/spring-boot-starter-logging-3.5.14.pom
2026-05-24 17:16:18,785 [Worker-192: Importing Maven projects] INFO  o.e.m.c.i.e.AbstractTransferListenerAdapter - Downloading https://repo.maven.apache.org/maven2/ch/qos/logback/logback-classic/1.5.32/logback-classic-1.5.32.pom
2026-05-24 17:16:18,790 [Worker-192: Importing Maven projects] INFO  o.e.m.c.i.e.AbstractTransferListenerAdapter - Downloaded https://repo.maven.apache.org/maven2/ch/qos/logback/logback-classic/1.5.32/logback-classic-1.5.32.pom
2026-05-24 17:16:19,071 [Worker-192: Importing Maven projects] INFO  o.e.m.c.i.e.AbstractTransferListenerAdapter - Downloading https://repo.maven.apache.org/maven2/ch/qos/logback/logback-parent/1.5.32/logback-parent-1.5.32.pom
2026-05-24 17:16:19,076 [Worker-192: Importing Maven projects] INFO  o.e.m.c.i.e.AbstractTransferListenerAdapter - Downloaded https://repo.maven.apache.org/maven2/ch/qos/logback/logback-parent/1.5.32/logback-parent-1.5.32.pom
2026-05-24 17:16:19,112 [Worker-192: Importing Maven projects] INFO  o.e.m.c.i.e.AbstractTransferListenerAdapter - Downloading https://repo.maven.apache.org/maven2/ch/qos/logback/logback-core/1.5.32/logback-core-1.5.32.pom
2026-05-24 17:16:19,119 [Worker-192: Importing Maven projects] INFO  o.e.m.c.i.e.AbstractTransferListenerAdapter - Downloaded https://repo.maven.apache.org/maven2/ch/qos/logback/logback-core/1.5.32/logback-core-1.5.32.pom
2026-05-24 17:16:19,199 [Worker-192: Importing Maven projects] INFO  o.e.m.c.i.e.AbstractTransferListenerAdapter - Downloading https://repo.maven.apache.org/maven2/org/springframework/boot/spring-boot-starter-json/3.5.14/spring-boot-starter-json-3.5.14.pom
2026-05-24 17:16:19,204 [Worker-192: Importing Maven projects] INFO  o.e.m.c.i.e.AbstractTransferListenerAdapter - Downloaded https://repo.maven.apache.org/maven2/org/springframework/boot/spring-boot-starter-json/3.5.14/spring-boot-starter-json-3.5.14.pom
2026-05-24 17:16:19,257 [Worker-192: Importing Maven projects] INFO  o.e.m.c.i.e.AbstractTransferListenerAdapter - Downloading https://repo.maven.apache.org/maven2/org/springframework/spring-web/6.2.18/spring-web-6.2.18.pom
2026-05-24 17:16:19,264 [Worker-192: Importing Maven projects] INFO  o.e.m.c.i.e.AbstractTransferListenerAdapter - Downloaded https://repo.maven.apache.org/maven2/org/springframework/spring-web/6.2.18/spring-web-6.2.18.pom
2026-05-24 17:16:19,545 [Worker-192: Importing Maven projects] INFO  o.e.m.c.i.e.AbstractTransferListenerAdapter - Downloading https://repo.maven.apache.org/maven2/com/fasterxml/jackson/core/jackson-databind/2.21.2/jackson-databind-2.21.2.pom
2026-05-24 17:16:19,551 [Worker-192: Importing Maven projects] INFO  o.e.m.c.i.e.AbstractTransferListenerAdapter - Downloaded https://repo.maven.apache.org/maven2/com/fasterxml/jackson/core/jackson-databind/2.21.2/jackson-databind-2.21.2.pom
2026-05-24 17:16:19,610 [Worker-192: Importing Maven projects] INFO  o.e.m.c.i.e.AbstractTransferListenerAdapter - Downloading https://repo.maven.apache.org/maven2/com/fasterxml/jackson/jackson-base/2.21.2/jackson-base-2.21.2.pom
2026-05-24 17:16:19,621 [Worker-192: Importing Maven projects] INFO  o.e.m.c.i.e.AbstractTransferListenerAdapter - Downloaded https://repo.maven.apache.org/maven2/com/fasterxml/jackson/jackson-base/2.21.2/jackson-base-2.21.2.pom
2026-05-24 17:16:19,659 [Worker-192: Importing Maven projects] INFO  o.e.m.c.i.e.AbstractTransferListenerAdapter - Downloading https://repo.maven.apache.org/maven2/org/junit/junit-bom/5.14.1/junit-bom-5.14.1.pom
2026-05-24 17:16:19,664 [Worker-192: Importing Maven projects] INFO  o.e.m.c.i.e.AbstractTransferListenerAdapter - Downloaded https://repo.maven.apache.org/maven2/org/junit/junit-bom/5.14.1/junit-bom-5.14.1.pom
2026-05-24 17:16:19,699 [Worker-192: Importing Maven projects] INFO  o.e.m.c.i.e.AbstractTransferListenerAdapter - Downloading https://repo.maven.apache.org/maven2/com/fasterxml/jackson/core/jackson-annotations/2.21/jackson-annotations-2.21.pom
2026-05-24 17:16:19,705 [Worker-192: Importing Maven projects] INFO  o.e.m.c.i.e.AbstractTransferListenerAdapter - Downloaded https://repo.maven.apache.org/maven2/com/fasterxml/jackson/core/jackson-annotations/2.21/jackson-annotations-2.21.pom
2026-05-24 17:16:19,771 [Worker-192: Importing Maven projects] INFO  o.e.m.c.i.e.AbstractTransferListenerAdapter - Downloading https://repo.maven.apache.org/maven2/com/fasterxml/jackson/core/jackson-core/2.21.2/jackson-core-2.21.2.pom
2026-05-24 17:16:19,787 [Worker-192: Importing Maven projects] INFO  o.e.m.c.i.e.AbstractTransferListenerAdapter - Downloaded https://repo.maven.apache.org/maven2/com/fasterxml/jackson/core/jackson-core/2.21.2/jackson-core-2.21.2.pom
2026-05-24 17:16:19,833 [Worker-192: Importing Maven projects] INFO  o.e.m.c.i.e.AbstractTransferListenerAdapter - Downloading https://repo.maven.apache.org/maven2/com/fasterxml/jackson/datatype/jackson-datatype-jdk8/2.21.2/jackson-datatype-jdk8-2.21.2.pom
2026-05-24 17:16:20,070 [Worker-192: Importing Maven projects] INFO  o.e.m.c.i.e.AbstractTransferListenerAdapter - Downloaded https://repo.maven.apache.org/maven2/com/fasterxml/jackson/datatype/jackson-datatype-jdk8/2.21.2/jackson-datatype-jdk8-2.21.2.pom
2026-05-24 17:16:20,109 [Worker-192: Importing Maven projects] INFO  o.e.m.c.i.e.AbstractTransferListenerAdapter - Downloading https://repo.maven.apache.org/maven2/com/fasterxml/jackson/module/jackson-modules-java8/2.21.2/jackson-modules-java8-2.21.2.pom
2026-05-24 17:16:20,115 [Worker-192: Importing Maven projects] INFO  o.e.m.c.i.e.AbstractTransferListenerAdapter - Downloaded https://repo.maven.apache.org/maven2/com/fasterxml/jackson/module/jackson-modules-java8/2.21.2/jackson-modules-java8-2.21.2.pom
2026-05-24 17:16:20,153 [Worker-192: Importing Maven projects] INFO  o.e.m.c.i.e.AbstractTransferListenerAdapter - Downloading https://repo.maven.apache.org/maven2/com/fasterxml/jackson/datatype/jackson-datatype-jsr310/2.21.2/jackson-datatype-jsr310-2.21.2.pom
2026-05-24 17:16:20,159 [Worker-192: Importing Maven projects] INFO  o.e.m.c.i.e.AbstractTransferListenerAdapter - Downloaded https://repo.maven.apache.org/maven2/com/fasterxml/jackson/datatype/jackson-datatype-jsr310/2.21.2/jackson-datatype-jsr310-2.21.2.pom
2026-05-24 17:16:20,220 [Worker-192: Importing Maven projects] INFO  o.e.m.c.i.e.AbstractTransferListenerAdapter - Downloading https://repo.maven.apache.org/maven2/com/fasterxml/jackson/module/jackson-module-parameter-names/2.21.2/jackson-module-parameter-names-2.21.2.pom
2026-05-24 17:16:20,224 [Worker-192: Importing Maven projects] INFO  o.e.m.c.i.e.AbstractTransferListenerAdapter - Downloaded https://repo.maven.apache.org/maven2/com/fasterxml/jackson/module/jackson-module-parameter-names/2.21.2/jackson-module-parameter-names-2.21.2.pom
2026-05-24 17:16:20,263 [Worker-192: Importing Maven projects] INFO  o.e.m.c.i.e.AbstractTransferListenerAdapter - Downloading https://repo.maven.apache.org/maven2/org/springframework/boot/spring-boot-starter-tomcat/3.5.14/spring-boot-starter-tomcat-3.5.14.pom
2026-05-24 17:16:20,267 [Worker-192: Importing Maven projects] INFO  o.e.m.c.i.e.AbstractTransferListenerAdapter - Downloaded https://repo.maven.apache.org/maven2/org/springframework/boot/spring-boot-starter-tomcat/3.5.14/spring-boot-starter-tomcat-3.5.14.pom
2026-05-24 17:16:20,317 [Worker-192: Importing Maven projects] INFO  o.e.m.c.i.e.AbstractTransferListenerAdapter - Downloading https://repo.maven.apache.org/maven2/org/apache/tomcat/embed/tomcat-embed-core/10.1.54/tomcat-embed-core-10.1.54.pom
2026-05-24 17:16:20,322 [Worker-192: Importing Maven projects] INFO  o.e.m.c.i.e.AbstractTransferListenerAdapter - Downloaded https://repo.maven.apache.org/maven2/org/apache/tomcat/embed/tomcat-embed-core/10.1.54/tomcat-embed-core-10.1.54.pom
2026-05-24 17:16:20,357 [Worker-192: Importing Maven projects] INFO  o.e.m.c.i.e.AbstractTransferListenerAdapter - Downloading https://repo.maven.apache.org/maven2/org/apache/tomcat/embed/tomcat-embed-el/10.1.54/tomcat-embed-el-10.1.54.pom
2026-05-24 17:16:20,365 [Worker-192: Importing Maven projects] INFO  o.e.m.c.i.e.AbstractTransferListenerAdapter - Downloaded https://repo.maven.apache.org/maven2/org/apache/tomcat/embed/tomcat-embed-el/10.1.54/tomcat-embed-el-10.1.54.pom
2026-05-24 17:16:20,401 [Worker-192: Importing Maven projects] INFO  o.e.m.c.i.e.AbstractTransferListenerAdapter - Downloading https://repo.maven.apache.org/maven2/org/apache/tomcat/embed/tomcat-embed-websocket/10.1.54/tomcat-embed-websocket-10.1.54.pom
2026-05-24 17:16:20,405 [Worker-192: Importing Maven projects] INFO  o.e.m.c.i.e.AbstractTransferListenerAdapter - Downloaded https://repo.maven.apache.org/maven2/org/apache/tomcat/embed/tomcat-embed-websocket/10.1.54/tomcat-embed-websocket-10.1.54.pom
2026-05-24 17:16:20,439 [Worker-192: Importing Maven projects] INFO  o.e.m.c.i.e.AbstractTransferListenerAdapter - Downloading https://repo.maven.apache.org/maven2/org/springframework/spring-webmvc/6.2.18/spring-webmvc-6.2.18.pom
2026-05-24 17:16:20,444 [Worker-192: Importing Maven projects] INFO  o.e.m.c.i.e.AbstractTransferListenerAdapter - Downloaded https://repo.maven.apache.org/maven2/org/springframework/spring-webmvc/6.2.18/spring-webmvc-6.2.18.pom
2026-05-24 17:16:21,175 [Worker-192: Importing Maven projects] INFO  o.e.m.c.i.e.AbstractTransferListenerAdapter - Downloading https://repo.maven.apache.org/maven2/org/springframework/boot/spring-boot-starter-test/3.5.14/spring-boot-starter-test-3.5.14.pom
2026-05-24 17:16:21,184 [Worker-192: Importing Maven projects] INFO  o.e.m.c.i.e.AbstractTransferListenerAdapter - Downloaded https://repo.maven.apache.org/maven2/org/springframework/boot/spring-boot-starter-test/3.5.14/spring-boot-starter-test-3.5.14.pom
2026-05-24 17:16:21,237 [Worker-192: Importing Maven projects] INFO  o.e.m.c.i.e.AbstractTransferListenerAdapter - Downloading https://repo.maven.apache.org/maven2/org/springframework/boot/spring-boot-test/3.5.14/spring-boot-test-3.5.14.pom
2026-05-24 17:16:21,241 [Worker-192: Importing Maven projects] INFO  o.e.m.c.i.e.AbstractTransferListenerAdapter - Downloaded https://repo.maven.apache.org/maven2/org/springframework/boot/spring-boot-test/3.5.14/spring-boot-test-3.5.14.pom
2026-05-24 17:16:21,280 [Worker-192: Importing Maven projects] INFO  o.e.m.c.i.e.AbstractTransferListenerAdapter - Downloading https://repo.maven.apache.org/maven2/org/springframework/spring-test/6.2.18/spring-test-6.2.18.pom
2026-05-24 17:16:21,284 [Worker-192: Importing Maven projects] INFO  o.e.m.c.i.e.AbstractTransferListenerAdapter - Downloaded https://repo.maven.apache.org/maven2/org/springframework/spring-test/6.2.18/spring-test-6.2.18.pom
2026-05-24 17:16:21,323 [Worker-192: Importing Maven projects] INFO  o.e.m.c.i.e.AbstractTransferListenerAdapter - Downloading https://repo.maven.apache.org/maven2/org/springframework/boot/spring-boot-test-autoconfigure/3.5.14/spring-boot-test-autoconfigure-3.5.14.pom
2026-05-24 17:16:21,328 [Worker-192: Importing Maven projects] INFO  o.e.m.c.i.e.AbstractTransferListenerAdapter - Downloaded https://repo.maven.apache.org/maven2/org/springframework/boot/spring-boot-test-autoconfigure/3.5.14/spring-boot-test-autoconfigure-3.5.14.pom
2026-05-24 17:16:21,379 [Worker-192: Importing Maven projects] INFO  o.e.m.c.i.e.AbstractTransferListenerAdapter - Downloading https://repo.maven.apache.org/maven2/org/assertj/assertj-core/3.27.7/assertj-core-3.27.7.pom
2026-05-24 17:16:21,385 [Worker-192: Importing Maven projects] INFO  o.e.m.c.i.e.AbstractTransferListenerAdapter - Downloaded https://repo.maven.apache.org/maven2/org/assertj/assertj-core/3.27.7/assertj-core-3.27.7.pom
2026-05-24 17:16:21,517 [Worker-192: Importing Maven projects] INFO  o.e.m.c.i.e.AbstractTransferListenerAdapter - Downloading https://repo.maven.apache.org/maven2/org/springframework/boot/spring-boot-starter-web/3.5.14/spring-boot-starter-web-3.5.14.jar
2026-05-24 17:16:21,521 [Worker-192: Importing Maven projects] INFO  o.e.m.c.i.e.AbstractTransferListenerAdapter - Downloaded https://repo.maven.apache.org/maven2/org/springframework/boot/spring-boot-starter-web/3.5.14/spring-boot-starter-web-3.5.14.jar
2026-05-24 17:16:21,554 [BasicRepositoryConnector-repo.maven.apache.org-1-1] INFO  o.e.m.c.i.e.AbstractTransferListenerAdapter - Downloading https://repo.maven.apache.org/maven2/org/springframework/boot/spring-boot/3.5.14/spring-boot-3.5.14.jar
2026-05-24 17:16:21,576 [BasicRepositoryConnector-repo.maven.apache.org-1-3] INFO  o.e.m.c.i.e.AbstractTransferListenerAdapter - Downloading https://repo.maven.apache.org/maven2/org/springframework/boot/spring-boot-starter-logging/3.5.14/spring-boot-starter-logging-3.5.14.jar
2026-05-24 17:16:21,580 [BasicRepositoryConnector-repo.maven.apache.org-1-3] INFO  o.e.m.c.i.e.AbstractTransferListenerAdapter - Downloaded https://repo.maven.apache.org/maven2/org/springframework/boot/spring-boot-starter-logging/3.5.14/spring-boot-starter-logging-3.5.14.jar
2026-05-24 17:16:21,580 [BasicRepositoryConnector-repo.maven.apache.org-1-0] INFO  o.e.m.c.i.e.AbstractTransferListenerAdapter - Downloading https://repo.maven.apache.org/maven2/org/springframework/boot/spring-boot-starter/3.5.14/spring-boot-starter-3.5.14.jar
2026-05-24 17:16:21,583 [BasicRepositoryConnector-repo.maven.apache.org-1-0] INFO  o.e.m.c.i.e.AbstractTransferListenerAdapter - Downloaded https://repo.maven.apache.org/maven2/org/springframework/boot/spring-boot-starter/3.5.14/spring-boot-starter-3.5.14.jar
2026-05-24 17:16:21,590 [BasicRepositoryConnector-repo.maven.apache.org-1-4] INFO  o.e.m.c.i.e.AbstractTransferListenerAdapter - Downloading https://repo.maven.apache.org/maven2/ch/qos/logback/logback-classic/1.5.32/logback-classic-1.5.32.jar
2026-05-24 17:16:21,604 [BasicRepositoryConnector-repo.maven.apache.org-1-0] INFO  o.e.m.c.i.e.AbstractTransferListenerAdapter - Downloading https://repo.maven.apache.org/maven2/org/springframework/boot/spring-boot-starter-json/3.5.14/spring-boot-starter-json-3.5.14.jar
2026-05-24 17:16:21,607 [BasicRepositoryConnector-repo.maven.apache.org-1-0] INFO  o.e.m.c.i.e.AbstractTransferListenerAdapter - Downloaded https://repo.maven.apache.org/maven2/org/springframework/boot/spring-boot-starter-json/3.5.14/spring-boot-starter-json-3.5.14.jar
2026-05-24 17:16:21,618 [BasicRepositoryConnector-repo.maven.apache.org-1-3] INFO  o.e.m.c.i.e.AbstractTransferListenerAdapter - Downloading https://repo.maven.apache.org/maven2/ch/qos/logback/logback-core/1.5.32/logback-core-1.5.32.jar
2026-05-24 17:16:21,632 [BasicRepositoryConnector-repo.maven.apache.org-1-0] INFO  o.e.m.c.i.e.AbstractTransferListenerAdapter - Downloading https://repo.maven.apache.org/maven2/com/fasterxml/jackson/core/jackson-databind/2.21.2/jackson-databind-2.21.2.jar
2026-05-24 17:16:21,744 [BasicRepositoryConnector-repo.maven.apache.org-1-4] INFO  o.e.m.c.i.e.AbstractTransferListenerAdapter - Downloaded https://repo.maven.apache.org/maven2/ch/qos/logback/logback-classic/1.5.32/logback-classic-1.5.32.jar
2026-05-24 17:16:21,772 [BasicRepositoryConnector-repo.maven.apache.org-1-4] INFO  o.e.m.c.i.e.AbstractTransferListenerAdapter - Downloading https://repo.maven.apache.org/maven2/com/fasterxml/jackson/core/jackson-annotations/2.21/jackson-annotations-2.21.jar
2026-05-24 17:16:21,808 [BasicRepositoryConnector-repo.maven.apache.org-1-4] INFO  o.e.m.c.i.e.AbstractTransferListenerAdapter - Downloaded https://repo.maven.apache.org/maven2/com/fasterxml/jackson/core/jackson-annotations/2.21/jackson-annotations-2.21.jar
2026-05-24 17:16:21,850 [BasicRepositoryConnector-repo.maven.apache.org-1-4] INFO  o.e.m.c.i.e.AbstractTransferListenerAdapter - Downloading https://repo.maven.apache.org/maven2/com/fasterxml/jackson/core/jackson-core/2.21.2/jackson-core-2.21.2.jar
2026-05-24 17:16:22,060 [BasicRepositoryConnector-repo.maven.apache.org-1-4] INFO  o.e.m.c.i.e.AbstractTransferListenerAdapter - Downloaded https://repo.maven.apache.org/maven2/com/fasterxml/jackson/core/jackson-core/2.21.2/jackson-core-2.21.2.jar
2026-05-24 17:16:22,091 [BasicRepositoryConnector-repo.maven.apache.org-1-3] INFO  o.e.m.c.i.e.AbstractTransferListenerAdapter - Downloaded https://repo.maven.apache.org/maven2/ch/qos/logback/logback-core/1.5.32/logback-core-1.5.32.jar
2026-05-24 17:16:22,103 [BasicRepositoryConnector-repo.maven.apache.org-1-4] INFO  o.e.m.c.i.e.AbstractTransferListenerAdapter - Downloading https://repo.maven.apache.org/maven2/com/fasterxml/jackson/datatype/jackson-datatype-jdk8/2.21.2/jackson-datatype-jdk8-2.21.2.jar
2026-05-24 17:16:22,124 [BasicRepositoryConnector-repo.maven.apache.org-1-4] INFO  o.e.m.c.i.e.AbstractTransferListenerAdapter - Downloaded https://repo.maven.apache.org/maven2/com/fasterxml/jackson/datatype/jackson-datatype-jdk8/2.21.2/jackson-datatype-jdk8-2.21.2.jar
2026-05-24 17:16:22,146 [BasicRepositoryConnector-repo.maven.apache.org-1-3] INFO  o.e.m.c.i.e.AbstractTransferListenerAdapter - Downloading https://repo.maven.apache.org/maven2/com/fasterxml/jackson/datatype/jackson-datatype-jsr310/2.21.2/jackson-datatype-jsr310-2.21.2.jar
2026-05-24 17:16:22,174 [BasicRepositoryConnector-repo.maven.apache.org-1-4] INFO  o.e.m.c.i.e.AbstractTransferListenerAdapter - Downloading https://repo.maven.apache.org/maven2/com/fasterxml/jackson/module/jackson-module-parameter-names/2.21.2/jackson-module-parameter-names-2.21.2.jar
2026-05-24 17:16:22,178 [BasicRepositoryConnector-repo.maven.apache.org-1-4] INFO  o.e.m.c.i.e.AbstractTransferListenerAdapter - Downloaded https://repo.maven.apache.org/maven2/com/fasterxml/jackson/module/jackson-module-parameter-names/2.21.2/jackson-module-parameter-names-2.21.2.jar
2026-05-24 17:16:22,194 [BasicRepositoryConnector-repo.maven.apache.org-1-3] INFO  o.e.m.c.i.e.AbstractTransferListenerAdapter - Downloaded https://repo.maven.apache.org/maven2/com/fasterxml/jackson/datatype/jackson-datatype-jsr310/2.21.2/jackson-datatype-jsr310-2.21.2.jar
2026-05-24 17:16:22,204 [BasicRepositoryConnector-repo.maven.apache.org-1-4] INFO  o.e.m.c.i.e.AbstractTransferListenerAdapter - Downloading https://repo.maven.apache.org/maven2/org/springframework/boot/spring-boot-starter-tomcat/3.5.14/spring-boot-starter-tomcat-3.5.14.jar
2026-05-24 17:16:22,207 [BasicRepositoryConnector-repo.maven.apache.org-1-4] INFO  o.e.m.c.i.e.AbstractTransferListenerAdapter - Downloaded https://repo.maven.apache.org/maven2/org/springframework/boot/spring-boot-starter-tomcat/3.5.14/spring-boot-starter-tomcat-3.5.14.jar
2026-05-24 17:16:22,220 [BasicRepositoryConnector-repo.maven.apache.org-1-3] INFO  o.e.m.c.i.e.AbstractTransferListenerAdapter - Downloading https://repo.maven.apache.org/maven2/org/apache/tomcat/embed/tomcat-embed-core/10.1.54/tomcat-embed-core-10.1.54.jar
2026-05-24 17:16:22,276 [BasicRepositoryConnector-repo.maven.apache.org-1-4] INFO  o.e.m.c.i.e.AbstractTransferListenerAdapter - Downloading https://repo.maven.apache.org/maven2/org/apache/tomcat/embed/tomcat-embed-el/10.1.54/tomcat-embed-el-10.1.54.jar
2026-05-24 17:16:22,599 [BasicRepositoryConnector-repo.maven.apache.org-1-0] INFO  o.e.m.c.i.e.AbstractTransferListenerAdapter - Downloaded https://repo.maven.apache.org/maven2/com/fasterxml/jackson/core/jackson-databind/2.21.2/jackson-databind-2.21.2.jar
2026-05-24 17:16:22,637 [BasicRepositoryConnector-repo.maven.apache.org-1-0] INFO  o.e.m.c.i.e.AbstractTransferListenerAdapter - Downloading https://repo.maven.apache.org/maven2/org/apache/tomcat/embed/tomcat-embed-websocket/10.1.54/tomcat-embed-websocket-10.1.54.jar
2026-05-24 17:16:23,024 [BasicRepositoryConnector-repo.maven.apache.org-1-0] INFO  o.e.m.c.i.e.AbstractTransferListenerAdapter - Downloaded https://repo.maven.apache.org/maven2/org/apache/tomcat/embed/tomcat-embed-websocket/10.1.54/tomcat-embed-websocket-10.1.54.jar
2026-05-24 17:16:23,030 [BasicRepositoryConnector-repo.maven.apache.org-1-4] INFO  o.e.m.c.i.e.AbstractTransferListenerAdapter - Downloaded https://repo.maven.apache.org/maven2/org/apache/tomcat/embed/tomcat-embed-el/10.1.54/tomcat-embed-el-10.1.54.jar
2026-05-24 17:16:23,065 [BasicRepositoryConnector-repo.maven.apache.org-1-0] INFO  o.e.m.c.i.e.AbstractTransferListenerAdapter - Downloading https://repo.maven.apache.org/maven2/org/springframework/spring-web/6.2.18/spring-web-6.2.18.jar
2026-05-24 17:16:23,070 [BasicRepositoryConnector-repo.maven.apache.org-1-4] INFO  o.e.m.c.i.e.AbstractTransferListenerAdapter - Downloading https://repo.maven.apache.org/maven2/org/springframework/spring-beans/6.2.18/spring-beans-6.2.18.jar
2026-05-24 17:16:23,441 [BasicRepositoryConnector-repo.maven.apache.org-1-4] INFO  o.e.m.c.i.e.AbstractTransferListenerAdapter - Downloaded https://repo.maven.apache.org/maven2/org/springframework/spring-beans/6.2.18/spring-beans-6.2.18.jar
2026-05-24 17:16:23,493 [BasicRepositoryConnector-repo.maven.apache.org-1-4] INFO  o.e.m.c.i.e.AbstractTransferListenerAdapter - Downloading https://repo.maven.apache.org/maven2/io/micrometer/micrometer-observation/1.15.11/micrometer-observation-1.15.11.jar
2026-05-24 17:16:23,648 [BasicRepositoryConnector-repo.maven.apache.org-1-2] INFO  o.e.m.c.i.e.AbstractTransferListenerAdapter - Downloading https://repo.maven.apache.org/maven2/org/springframework/boot/spring-boot-autoconfigure/3.5.14/spring-boot-autoconfigure-3.5.14.jar
2026-05-24 17:16:23,742 [BasicRepositoryConnector-repo.maven.apache.org-1-4] INFO  o.e.m.c.i.e.AbstractTransferListenerAdapter - Downloaded https://repo.maven.apache.org/maven2/io/micrometer/micrometer-observation/1.15.11/micrometer-observation-1.15.11.jar
2026-05-24 17:16:23,786 [BasicRepositoryConnector-repo.maven.apache.org-1-4] INFO  o.e.m.c.i.e.AbstractTransferListenerAdapter - Downloading https://repo.maven.apache.org/maven2/io/micrometer/micrometer-commons/1.15.11/micrometer-commons-1.15.11.jar
2026-05-24 17:16:24,019 [BasicRepositoryConnector-repo.maven.apache.org-1-4] INFO  o.e.m.c.i.e.AbstractTransferListenerAdapter - Downloaded https://repo.maven.apache.org/maven2/io/micrometer/micrometer-commons/1.15.11/micrometer-commons-1.15.11.jar
2026-05-24 17:16:24,061 [BasicRepositoryConnector-repo.maven.apache.org-1-4] INFO  o.e.m.c.i.e.AbstractTransferListenerAdapter - Downloading https://repo.maven.apache.org/maven2/org/springframework/spring-webmvc/6.2.18/spring-webmvc-6.2.18.jar
2026-05-24 17:16:24,447 [BasicRepositoryConnector-repo.maven.apache.org-1-3] INFO  o.e.m.c.i.e.AbstractTransferListenerAdapter - Downloaded https://repo.maven.apache.org/maven2/org/apache/tomcat/embed/tomcat-embed-core/10.1.54/tomcat-embed-core-10.1.54.jar
2026-05-24 17:16:24,506 [BasicRepositoryConnector-repo.maven.apache.org-1-3] INFO  o.e.m.c.i.e.AbstractTransferListenerAdapter - Downloading https://repo.maven.apache.org/maven2/org/springframework/spring-aop/6.2.18/spring-aop-6.2.18.jar
2026-05-24 17:16:24,560 [BasicRepositoryConnector-repo.maven.apache.org-1-0] INFO  o.e.m.c.i.e.AbstractTransferListenerAdapter - Downloaded https://repo.maven.apache.org/maven2/org/springframework/spring-web/6.2.18/spring-web-6.2.18.jar
2026-05-24 17:16:24,602 [BasicRepositoryConnector-repo.maven.apache.org-1-0] INFO  o.e.m.c.i.e.AbstractTransferListenerAdapter - Downloading https://repo.maven.apache.org/maven2/org/springframework/spring-context/6.2.18/spring-context-6.2.18.jar
2026-05-24 17:16:24,796 [BasicRepositoryConnector-repo.maven.apache.org-1-2] INFO  o.e.m.c.i.e.AbstractTransferListenerAdapter - Downloaded https://repo.maven.apache.org/maven2/org/springframework/boot/spring-boot-autoconfigure/3.5.14/spring-boot-autoconfigure-3.5.14.jar
2026-05-24 17:16:24,811 [BasicRepositoryConnector-repo.maven.apache.org-1-3] INFO  o.e.m.c.i.e.AbstractTransferListenerAdapter - Downloaded https://repo.maven.apache.org/maven2/org/springframework/spring-aop/6.2.18/spring-aop-6.2.18.jar
2026-05-24 17:16:24,822 [BasicRepositoryConnector-repo.maven.apache.org-1-4] INFO  o.e.m.c.i.e.AbstractTransferListenerAdapter - Downloaded https://repo.maven.apache.org/maven2/org/springframework/spring-webmvc/6.2.18/spring-webmvc-6.2.18.jar
2026-05-24 17:16:24,857 [BasicRepositoryConnector-repo.maven.apache.org-1-2] INFO  o.e.m.c.i.e.AbstractTransferListenerAdapter - Downloading https://repo.maven.apache.org/maven2/org/springframework/spring-expression/6.2.18/spring-expression-6.2.18.jar
2026-05-24 17:16:24,873 [BasicRepositoryConnector-repo.maven.apache.org-1-4] INFO  o.e.m.c.i.e.AbstractTransferListenerAdapter - Downloading https://repo.maven.apache.org/maven2/org/springframework/boot/spring-boot-test/3.5.14/spring-boot-test-3.5.14.jar
2026-05-24 17:16:25,030 [BasicRepositoryConnector-repo.maven.apache.org-1-4] INFO  o.e.m.c.i.e.AbstractTransferListenerAdapter - Downloaded https://repo.maven.apache.org/maven2/org/springframework/boot/spring-boot-test/3.5.14/spring-boot-test-3.5.14.jar
2026-05-24 17:16:25,063 [BasicRepositoryConnector-repo.maven.apache.org-1-2] INFO  o.e.m.c.i.e.AbstractTransferListenerAdapter - Downloaded https://repo.maven.apache.org/maven2/org/springframework/spring-expression/6.2.18/spring-expression-6.2.18.jar
2026-05-24 17:16:25,079 [BasicRepositoryConnector-repo.maven.apache.org-1-3] INFO  o.e.m.c.i.e.AbstractTransferListenerAdapter - Downloading https://repo.maven.apache.org/maven2/org/springframework/boot/spring-boot-starter-test/3.5.14/spring-boot-starter-test-3.5.14.jar
2026-05-24 17:16:25,082 [BasicRepositoryConnector-repo.maven.apache.org-1-3] INFO  o.e.m.c.i.e.AbstractTransferListenerAdapter - Downloaded https://repo.maven.apache.org/maven2/org/springframework/boot/spring-boot-starter-test/3.5.14/spring-boot-starter-test-3.5.14.jar
2026-05-24 17:16:25,091 [BasicRepositoryConnector-repo.maven.apache.org-1-4] INFO  o.e.m.c.i.e.AbstractTransferListenerAdapter - Downloading https://repo.maven.apache.org/maven2/org/springframework/boot/spring-boot-test-autoconfigure/3.5.14/spring-boot-test-autoconfigure-3.5.14.jar
2026-05-24 17:16:25,116 [BasicRepositoryConnector-repo.maven.apache.org-1-2] INFO  o.e.m.c.i.e.AbstractTransferListenerAdapter - Downloading https://repo.maven.apache.org/maven2/org/assertj/assertj-core/3.27.7/assertj-core-3.27.7.jar
2026-05-24 17:16:25,126 [BasicRepositoryConnector-repo.maven.apache.org-1-3] INFO  o.e.m.c.i.e.AbstractTransferListenerAdapter - Downloading https://repo.maven.apache.org/maven2/org/springframework/spring-core/6.2.18/spring-core-6.2.18.jar
2026-05-24 17:16:25,216 [BasicRepositoryConnector-repo.maven.apache.org-1-4] INFO  o.e.m.c.i.e.AbstractTransferListenerAdapter - Downloaded https://repo.maven.apache.org/maven2/org/springframework/boot/spring-boot-test-autoconfigure/3.5.14/spring-boot-test-autoconfigure-3.5.14.jar
2026-05-24 17:16:25,242 [BasicRepositoryConnector-repo.maven.apache.org-1-4] INFO  o.e.m.c.i.e.AbstractTransferListenerAdapter - Downloading https://repo.maven.apache.org/maven2/org/springframework/spring-jcl/6.2.18/spring-jcl-6.2.18.jar
2026-05-24 17:16:25,266 [BasicRepositoryConnector-repo.maven.apache.org-1-4] INFO  o.e.m.c.i.e.AbstractTransferListenerAdapter - Downloaded https://repo.maven.apache.org/maven2/org/springframework/spring-jcl/6.2.18/spring-jcl-6.2.18.jar
2026-05-24 17:16:25,306 [BasicRepositoryConnector-repo.maven.apache.org-1-4] INFO  o.e.m.c.i.e.AbstractTransferListenerAdapter - Downloading https://repo.maven.apache.org/maven2/org/springframework/spring-test/6.2.18/spring-test-6.2.18.jar
2026-05-24 17:16:25,787 [BasicRepositoryConnector-repo.maven.apache.org-1-0] INFO  o.e.m.c.i.e.AbstractTransferListenerAdapter - Downloaded https://repo.maven.apache.org/maven2/org/springframework/spring-context/6.2.18/spring-context-6.2.18.jar
2026-05-24 17:16:25,944 [BasicRepositoryConnector-repo.maven.apache.org-1-1] INFO  o.e.m.c.i.e.AbstractTransferListenerAdapter - Downloaded https://repo.maven.apache.org/maven2/org/springframework/boot/spring-boot/3.5.14/spring-boot-3.5.14.jar
2026-05-24 17:16:26,166 [BasicRepositoryConnector-repo.maven.apache.org-1-2] INFO  o.e.m.c.i.e.AbstractTransferListenerAdapter - Downloaded https://repo.maven.apache.org/maven2/org/assertj/assertj-core/3.27.7/assertj-core-3.27.7.jar
2026-05-24 17:16:26,182 [BasicRepositoryConnector-repo.maven.apache.org-1-4] INFO  o.e.m.c.i.e.AbstractTransferListenerAdapter - Downloaded https://repo.maven.apache.org/maven2/org/springframework/spring-test/6.2.18/spring-test-6.2.18.jar
2026-05-24 17:16:26,823 [BasicRepositoryConnector-repo.maven.apache.org-1-3] INFO  o.e.m.c.i.e.AbstractTransferListenerAdapter - Downloaded https://repo.maven.apache.org/maven2/org/springframework/spring-core/6.2.18/spring-core-6.2.18.jar
2026-05-24 17:16:26,962 [Worker-192: Importing Maven projects] INFO  o.e.m.c.i.l.LifecycleMappingFactory - Using org.eclipse.m2e.jdt.JarLifecycleMapping lifecycle mapping for MavenProject: com.example:DI:0.0.1-SNAPSHOT @ C:\gfg-2\springBoot\DI\DI\pom.xml.
2026-05-24 17:16:27,156 [Worker-192: Importing Maven projects] INFO  o.e.m.c.i.l.LifecycleMappingFactory - Using org.eclipse.m2e.jdt.JarLifecycleMapping lifecycle mapping for MavenProject: com.infy:InfyBankLogin_SpringMVC:0.0.1-SNAPSHOT @ C:\JBLD94\InfyBankLogin_SpringMVC\pom.xml.
2026-05-24 17:16:27,484 [Worker-192: Importing Maven projects] INFO  o.e.m.c.i.l.LifecycleMappingFactory - Using org.eclipse.m2e.jdt.JarLifecycleMapping lifecycle mapping for MavenProject: com.demo:demo:0.0.1-SNAPSHOT @ C:\JBLD94\demo\demo\pom.xml.
2026-05-24 17:16:27,690 [Worker-192: Importing Maven projects] INFO  o.e.m.c.i.e.AbstractTransferListenerAdapter - Downloading https://repo.maven.apache.org/maven2/org/apache/maven/plugins/maven-surefire-plugin/3.5.5/maven-surefire-plugin-3.5.5.pom
2026-05-24 17:16:27,693 [Worker-192: Importing Maven projects] INFO  o.e.m.c.i.e.AbstractTransferListenerAdapter - Downloaded https://repo.maven.apache.org/maven2/org/apache/maven/plugins/maven-surefire-plugin/3.5.5/maven-surefire-plugin-3.5.5.pom
2026-05-24 17:16:27,747 [Worker-192: Importing Maven projects] INFO  o.e.m.c.i.e.AbstractTransferListenerAdapter - Downloading https://repo.maven.apache.org/maven2/org/apache/maven/surefire/surefire/3.5.5/surefire-3.5.5.pom
2026-05-24 17:16:27,752 [Worker-192: Importing Maven projects] INFO  o.e.m.c.i.e.AbstractTransferListenerAdapter - Downloaded https://repo.maven.apache.org/maven2/org/apache/maven/surefire/surefire/3.5.5/surefire-3.5.5.pom
2026-05-24 17:16:27,799 [Worker-192: Importing Maven projects] INFO  o.e.m.c.i.e.AbstractTransferListenerAdapter - Downloading https://repo.maven.apache.org/maven2/org/apache/maven/maven-parent/47/maven-parent-47.pom
2026-05-24 17:16:27,803 [Worker-192: Importing Maven projects] INFO  o.e.m.c.i.e.AbstractTransferListenerAdapter - Downloaded https://repo.maven.apache.org/maven2/org/apache/maven/maven-parent/47/maven-parent-47.pom
2026-05-24 17:16:27,833 [Worker-192: Importing Maven projects] INFO  o.e.m.c.i.e.AbstractTransferListenerAdapter - Downloading https://repo.maven.apache.org/maven2/org/apache/apache/37/apache-37.pom
2026-05-24 17:16:27,837 [Worker-192: Importing Maven projects] INFO  o.e.m.c.i.e.AbstractTransferListenerAdapter - Downloaded https://repo.maven.apache.org/maven2/org/apache/apache/37/apache-37.pom
2026-05-24 17:16:28,709 [Worker-192: Importing Maven projects] INFO  o.e.m.j.i.AbstractJavaProjectConfigurator - Adding source folder /demo/src/main/java
2026-05-24 17:16:28,710 [Worker-192: Importing Maven projects] INFO  o.e.m.j.i.AbstractJavaProjectConfigurator - Adding resource folder /demo/src/main/resources
2026-05-24 17:16:28,712 [Worker-192: Importing Maven projects] INFO  o.e.m.j.i.AbstractJavaProjectConfigurator - Adding resource folder /demo/src/main/resources
2026-05-24 17:16:28,714 [Worker-192: Importing Maven projects] INFO  o.e.m.j.i.AbstractJavaProjectConfigurator - Adding source folder /demo/src/test/java
2026-05-24 17:16:28,714 [Worker-192: Importing Maven projects] INFO  o.e.m.j.i.AbstractJavaProjectConfigurator - Adding resource folder /demo/src/test/resources
2026-05-24 17:16:28,901 [Worker-192: Importing Maven projects] INFO  o.e.m.c.i.p.ProjectConfigurationManager - Imported and configured 1 project(s) in 15 sec
2026-05-24 17:16:28,972 [Worker-195: Updating Maven Project] INFO  o.e.m.c.i.p.ProjectConfigurationManager - Update started
2026-05-24 17:16:29,386 [Worker-195: Updating Maven Project] INFO  o.e.m.c.i.l.LifecycleMappingFactory - Using org.eclipse.m2e.jdt.JarLifecycleMapping lifecycle mapping for MavenProject: com.demo:demo:0.0.1-SNAPSHOT @ C:\JBLD94\demo\demo\pom.xml.
2026-05-24 17:16:29,654 [Worker-193: Download sources and javadoc] INFO  o.e.m.c.i.e.AbstractTransferListenerAdapter - Downloading https://repo.maven.apache.org/maven2/org/springframework/boot/spring-boot-starter-web/3.5.14/spring-boot-starter-web-3.5.14-sources.jar
2026-05-24 17:16:29,660 [Worker-193: Download sources and javadoc] INFO  o.e.m.c.i.e.AbstractTransferListenerAdapter - Downloaded https://repo.maven.apache.org/maven2/org/springframework/boot/spring-boot-starter-web/3.5.14/spring-boot-starter-web-3.5.14-sources.jar
2026-05-24 17:16:29,664 [Worker-193: Download sources and javadoc] INFO  o.e.m.j.internal.DownloadSourcesJob - Downloaded sources for org.springframework.boot:spring-boot-starter-web:3.5.14
2026-05-24 17:16:29,730 [Worker-193: Download sources and javadoc] INFO  o.e.m.c.i.e.AbstractTransferListenerAdapter - Downloading https://repo.maven.apache.org/maven2/org/springframework/boot/spring-boot-starter/3.5.14/spring-boot-starter-3.5.14-sources.jar
2026-05-24 17:16:29,736 [Worker-193: Download sources and javadoc] INFO  o.e.m.c.i.e.AbstractTransferListenerAdapter - Downloaded https://repo.maven.apache.org/maven2/org/springframework/boot/spring-boot-starter/3.5.14/spring-boot-starter-3.5.14-sources.jar
2026-05-24 17:16:29,739 [Worker-193: Download sources and javadoc] INFO  o.e.m.j.internal.DownloadSourcesJob - Downloaded sources for org.springframework.boot:spring-boot-starter:3.5.14
2026-05-24 17:16:29,809 [Worker-193: Download sources and javadoc] INFO  o.e.m.c.i.e.AbstractTransferListenerAdapter - Downloading https://repo.maven.apache.org/maven2/org/springframework/boot/spring-boot/3.5.14/spring-boot-3.5.14-sources.jar
2026-05-24 17:16:29,864 [Worker-195: Updating Maven Project] INFO  o.e.m.j.i.AbstractJavaProjectConfigurator - Adding source folder /demo/src/main/java
2026-05-24 17:16:29,865 [Worker-195: Updating Maven Project] INFO  o.e.m.j.i.AbstractJavaProjectConfigurator - Adding resource folder /demo/src/main/resources
2026-05-24 17:16:29,865 [Worker-195: Updating Maven Project] INFO  o.e.m.j.i.AbstractJavaProjectConfigurator - Adding resource folder /demo/src/main/resources
2026-05-24 17:16:29,865 [Worker-195: Updating Maven Project] INFO  o.e.m.j.i.AbstractJavaProjectConfigurator - Adding source folder /demo/src/test/java
2026-05-24 17:16:29,866 [Worker-195: Updating Maven Project] INFO  o.e.m.j.i.AbstractJavaProjectConfigurator - Adding resource folder /demo/src/test/resources
2026-05-24 17:16:30,140 [Worker-195: Updating Maven Project] INFO  o.e.m.c.i.p.ProjectConfigurationManager - Update completed for 1 poms: local refresh takes 0.00 sec, refresh facades takes 0.00 sec, update config takes 0.00 sec 
2026-05-24 17:16:30,466 [Worker-195: Building] INFO  o.a.m.s.f.DefaultMavenResourcesFiltering - Copying 1 resource from src\main\resources to target\classes
2026-05-24 17:16:30,477 [Worker-195: Building] INFO  o.a.m.s.f.DefaultMavenResourcesFiltering - Copying 0 resource from src\main\resources to target\classes
2026-05-24 17:16:30,480 [Worker-195: Building] INFO  o.a.m.s.f.DefaultMavenResourcesFiltering - skip non existing resourceDirectory C:\JBLD94\demo\demo\src\test\resources
2026-05-24 17:16:30,553 [Worker-193: Download sources and javadoc] INFO  o.e.m.c.i.e.AbstractTransferListenerAdapter - Downloaded https://repo.maven.apache.org/maven2/org/springframework/boot/spring-boot/3.5.14/spring-boot-3.5.14-sources.jar
2026-05-24 17:16:30,556 [Worker-193: Download sources and javadoc] INFO  o.e.m.j.internal.DownloadSourcesJob - Downloaded sources for org.springframework.boot:spring-boot:3.5.14
2026-05-24 17:16:30,830 [Worker-193: Download sources and javadoc] INFO  o.e.m.c.i.e.AbstractTransferListenerAdapter - Downloading https://repo.maven.apache.org/maven2/org/springframework/boot/spring-boot-autoconfigure/3.5.14/spring-boot-autoconfigure-3.5.14-sources.jar
2026-05-24 17:16:31,261 [Worker-193: Download sources and javadoc] INFO  o.e.m.c.i.e.AbstractTransferListenerAdapter - Downloaded https://repo.maven.apache.org/maven2/org/springframework/boot/spring-boot-autoconfigure/3.5.14/spring-boot-autoconfigure-3.5.14-sources.jar
2026-05-24 17:16:31,266 [Worker-193: Download sources and javadoc] INFO  o.e.m.j.internal.DownloadSourcesJob - Downloaded sources for org.springframework.boot:spring-boot-autoconfigure:3.5.14
2026-05-24 17:16:31,339 [Worker-193: Download sources and javadoc] INFO  o.e.m.c.i.e.AbstractTransferListenerAdapter - Downloading https://repo.maven.apache.org/maven2/org/springframework/boot/spring-boot-starter-logging/3.5.14/spring-boot-starter-logging-3.5.14-sources.jar
2026-05-24 17:16:31,386 [Worker-193: Download sources and javadoc] INFO  o.e.m.c.i.e.AbstractTransferListenerAdapter - Downloaded https://repo.maven.apache.org/maven2/org/springframework/boot/spring-boot-starter-logging/3.5.14/spring-boot-starter-logging-3.5.14-sources.jar
2026-05-24 17:16:31,393 [Worker-193: Download sources and javadoc] INFO  o.e.m.j.internal.DownloadSourcesJob - Downloaded sources for org.springframework.boot:spring-boot-starter-logging:3.5.14
2026-05-24 17:16:32,478 [Worker-193: Download sources and javadoc] INFO  o.e.m.c.i.e.AbstractTransferListenerAdapter - Downloading https://repo.maven.apache.org/maven2/ch/qos/logback/logback-classic/1.5.32/logback-classic-1.5.32-sources.jar
2026-05-24 17:16:32,605 [Worker-193: Download sources and javadoc] INFO  o.e.m.c.i.e.AbstractTransferListenerAdapter - Downloaded https://repo.maven.apache.org/maven2/ch/qos/logback/logback-classic/1.5.32/logback-classic-1.5.32-sources.jar
2026-05-24 17:16:32,610 [Worker-193: Download sources and javadoc] INFO  o.e.m.j.internal.DownloadSourcesJob - Downloaded sources for ch.qos.logback:logback-classic:1.5.32
2026-05-24 17:16:32,694 [Worker-193: Download sources and javadoc] INFO  o.e.m.c.i.e.AbstractTransferListenerAdapter - Downloading https://repo.maven.apache.org/maven2/ch/qos/logback/logback-core/1.5.32/logback-core-1.5.32-sources.jar
2026-05-24 17:16:32,831 [Worker-193: Download sources and javadoc] INFO  o.e.m.c.i.e.AbstractTransferListenerAdapter - Downloaded https://repo.maven.apache.org/maven2/ch/qos/logback/logback-core/1.5.32/logback-core-1.5.32-sources.jar
2026-05-24 17:16:32,835 [Worker-193: Download sources and javadoc] INFO  o.e.m.j.internal.DownloadSourcesJob - Downloaded sources for ch.qos.logback:logback-core:1.5.32
2026-05-24 17:16:33,898 [Worker-193: Download sources and javadoc] INFO  o.e.m.c.i.e.AbstractTransferListenerAdapter - Downloading https://repo.maven.apache.org/maven2/org/springframework/boot/spring-boot-starter-json/3.5.14/spring-boot-starter-json-3.5.14-sources.jar
2026-05-24 17:16:33,902 [Worker-193: Download sources and javadoc] INFO  o.e.m.c.i.e.AbstractTransferListenerAdapter - Downloaded https://repo.maven.apache.org/maven2/org/springframework/boot/spring-boot-starter-json/3.5.14/spring-boot-starter-json-3.5.14-sources.jar
2026-05-24 17:16:33,906 [Worker-193: Download sources and javadoc] INFO  o.e.m.j.internal.DownloadSourcesJob - Downloaded sources for org.springframework.boot:spring-boot-starter-json:3.5.14
2026-05-24 17:16:33,994 [Worker-193: Download sources and javadoc] INFO  o.e.m.c.i.e.AbstractTransferListenerAdapter - Downloading https://repo.maven.apache.org/maven2/com/fasterxml/jackson/core/jackson-databind/2.21.2/jackson-databind-2.21.2-sources.jar
2026-05-24 17:16:34,611 [Worker-193: Download sources and javadoc] INFO  o.e.m.c.i.e.AbstractTransferListenerAdapter - Downloaded https://repo.maven.apache.org/maven2/com/fasterxml/jackson/core/jackson-databind/2.21.2/jackson-databind-2.21.2-sources.jar
2026-05-24 17:16:34,615 [Worker-193: Download sources and javadoc] INFO  o.e.m.j.internal.DownloadSourcesJob - Downloaded sources for com.fasterxml.jackson.core:jackson-databind:2.21.2
2026-05-24 17:16:34,694 [Worker-193: Download sources and javadoc] INFO  o.e.m.c.i.e.AbstractTransferListenerAdapter - Downloading https://repo.maven.apache.org/maven2/com/fasterxml/jackson/core/jackson-annotations/2.21/jackson-annotations-2.21-sources.jar
2026-05-24 17:16:34,721 [Worker-193: Download sources and javadoc] INFO  o.e.m.c.i.e.AbstractTransferListenerAdapter - Downloaded https://repo.maven.apache.org/maven2/com/fasterxml/jackson/core/jackson-annotations/2.21/jackson-annotations-2.21-sources.jar
2026-05-24 17:16:34,725 [Worker-193: Download sources and javadoc] INFO  o.e.m.j.internal.DownloadSourcesJob - Downloaded sources for com.fasterxml.jackson.core:jackson-annotations:2.21
2026-05-24 17:16:34,779 [Worker-193: Download sources and javadoc] INFO  o.e.m.c.i.e.AbstractTransferListenerAdapter - Downloading https://repo.maven.apache.org/maven2/com/fasterxml/jackson/core/jackson-core/2.21.2/jackson-core-2.21.2-sources.jar
2026-05-24 17:16:34,933 [Worker-193: Download sources and javadoc] INFO  o.e.m.c.i.e.AbstractTransferListenerAdapter - Downloaded https://repo.maven.apache.org/maven2/com/fasterxml/jackson/core/jackson-core/2.21.2/jackson-core-2.21.2-sources.jar
2026-05-24 17:16:34,938 [Worker-193: Download sources and javadoc] INFO  o.e.m.j.internal.DownloadSourcesJob - Downloaded sources for com.fasterxml.jackson.core:jackson-core:2.21.2
2026-05-24 17:16:34,997 [Worker-193: Download sources and javadoc] INFO  o.e.m.c.i.e.AbstractTransferListenerAdapter - Downloading https://repo.maven.apache.org/maven2/com/fasterxml/jackson/datatype/jackson-datatype-jdk8/2.21.2/jackson-datatype-jdk8-2.21.2-sources.jar
2026-05-24 17:16:35,235 [Worker-193: Download sources and javadoc] INFO  o.e.m.c.i.e.AbstractTransferListenerAdapter - Downloaded https://repo.maven.apache.org/maven2/com/fasterxml/jackson/datatype/jackson-datatype-jdk8/2.21.2/jackson-datatype-jdk8-2.21.2-sources.jar
2026-05-24 17:16:35,240 [Worker-193: Download sources and javadoc] INFO  o.e.m.j.internal.DownloadSourcesJob - Downloaded sources for com.fasterxml.jackson.datatype:jackson-datatype-jdk8:2.21.2
2026-05-24 17:16:36,332 [Worker-193: Download sources and javadoc] INFO  o.e.m.c.i.e.AbstractTransferListenerAdapter - Downloading https://repo.maven.apache.org/maven2/com/fasterxml/jackson/datatype/jackson-datatype-jsr310/2.21.2/jackson-datatype-jsr310-2.21.2-sources.jar
2026-05-24 17:16:36,370 [Worker-193: Download sources and javadoc] INFO  o.e.m.c.i.e.AbstractTransferListenerAdapter - Downloaded https://repo.maven.apache.org/maven2/com/fasterxml/jackson/datatype/jackson-datatype-jsr310/2.21.2/jackson-datatype-jsr310-2.21.2-sources.jar
2026-05-24 17:16:36,373 [Worker-193: Download sources and javadoc] INFO  o.e.m.j.internal.DownloadSourcesJob - Downloaded sources for com.fasterxml.jackson.datatype:jackson-datatype-jsr310:2.21.2
2026-05-24 17:16:36,657 [Worker-193: Download sources and javadoc] INFO  o.e.m.c.i.e.AbstractTransferListenerAdapter - Downloading https://repo.maven.apache.org/maven2/com/fasterxml/jackson/module/jackson-module-parameter-names/2.21.2/jackson-module-parameter-names-2.21.2-sources.jar
2026-05-24 17:16:36,670 [Worker-193: Download sources and javadoc] INFO  o.e.m.c.i.e.AbstractTransferListenerAdapter - Downloaded https://repo.maven.apache.org/maven2/com/fasterxml/jackson/module/jackson-module-parameter-names/2.21.2/jackson-module-parameter-names-2.21.2-sources.jar
2026-05-24 17:16:36,675 [Worker-193: Download sources and javadoc] INFO  o.e.m.j.internal.DownloadSourcesJob - Downloaded sources for com.fasterxml.jackson.module:jackson-module-parameter-names:2.21.2
2026-05-24 17:16:39,762 [Worker-193: Download sources and javadoc] INFO  o.e.m.c.i.e.AbstractTransferListenerAdapter - Downloading https://repo.maven.apache.org/maven2/org/springframework/boot/spring-boot-starter-tomcat/3.5.14/spring-boot-starter-tomcat-3.5.14-sources.jar
2026-05-24 17:16:39,774 [Worker-193: Download sources and javadoc] INFO  o.e.m.c.i.e.AbstractTransferListenerAdapter - Downloaded https://repo.maven.apache.org/maven2/org/springframework/boot/spring-boot-starter-tomcat/3.5.14/spring-boot-starter-tomcat-3.5.14-sources.jar
2026-05-24 17:16:39,781 [Worker-193: Download sources and javadoc] INFO  o.e.m.j.internal.DownloadSourcesJob - Downloaded sources for org.springframework.boot:spring-boot-starter-tomcat:3.5.14
2026-05-24 17:16:39,845 [Worker-193: Download sources and javadoc] INFO  o.e.m.c.i.e.AbstractTransferListenerAdapter - Downloading https://repo.maven.apache.org/maven2/org/apache/tomcat/embed/tomcat-embed-core/10.1.54/tomcat-embed-core-10.1.54-sources.jar
2026-05-24 17:16:41,418 [Worker-193: Download sources and javadoc] INFO  o.e.m.c.i.e.AbstractTransferListenerAdapter - Downloaded https://repo.maven.apache.org/maven2/org/apache/tomcat/embed/tomcat-embed-core/10.1.54/tomcat-embed-core-10.1.54-sources.jar
2026-05-24 17:16:41,424 [Worker-193: Download sources and javadoc] INFO  o.e.m.j.internal.DownloadSourcesJob - Downloaded sources for org.apache.tomcat.embed:tomcat-embed-core:10.1.54
2026-05-24 17:16:41,506 [Worker-193: Download sources and javadoc] INFO  o.e.m.c.i.e.AbstractTransferListenerAdapter - Downloading https://repo.maven.apache.org/maven2/org/apache/tomcat/embed/tomcat-embed-el/10.1.54/tomcat-embed-el-10.1.54-sources.jar
2026-05-24 17:16:41,584 [Worker-193: Download sources and javadoc] INFO  o.e.m.c.i.e.AbstractTransferListenerAdapter - Downloaded https://repo.maven.apache.org/maven2/org/apache/tomcat/embed/tomcat-embed-el/10.1.54/tomcat-embed-el-10.1.54-sources.jar
2026-05-24 17:16:41,590 [Worker-193: Download sources and javadoc] INFO  o.e.m.j.internal.DownloadSourcesJob - Downloaded sources for org.apache.tomcat.embed:tomcat-embed-el:10.1.54
2026-05-24 17:16:41,875 [Worker-193: Download sources and javadoc] INFO  o.e.m.c.i.e.AbstractTransferListenerAdapter - Downloading https://repo.maven.apache.org/maven2/org/apache/tomcat/embed/tomcat-embed-websocket/10.1.54/tomcat-embed-websocket-10.1.54-sources.jar
2026-05-24 17:16:41,993 [Worker-193: Download sources and javadoc] INFO  o.e.m.c.i.e.AbstractTransferListenerAdapter - Downloaded https://repo.maven.apache.org/maven2/org/apache/tomcat/embed/tomcat-embed-websocket/10.1.54/tomcat-embed-websocket-10.1.54-sources.jar
2026-05-24 17:16:41,997 [Worker-193: Download sources and javadoc] INFO  o.e.m.j.internal.DownloadSourcesJob - Downloaded sources for org.apache.tomcat.embed:tomcat-embed-websocket:10.1.54
2026-05-24 17:16:42,066 [Worker-193: Download sources and javadoc] INFO  o.e.m.c.i.e.AbstractTransferListenerAdapter - Downloading https://repo.maven.apache.org/maven2/org/springframework/spring-web/6.2.18/spring-web-6.2.18-sources.jar
2026-05-24 17:16:42,736 [Worker-193: Download sources and javadoc] INFO  o.e.m.c.i.e.AbstractTransferListenerAdapter - Downloaded https://repo.maven.apache.org/maven2/org/springframework/spring-web/6.2.18/spring-web-6.2.18-sources.jar
2026-05-24 17:16:42,741 [Worker-193: Download sources and javadoc] INFO  o.e.m.j.internal.DownloadSourcesJob - Downloaded sources for org.springframework:spring-web:6.2.18
2026-05-24 17:16:42,820 [Worker-193: Download sources and javadoc] INFO  o.e.m.c.i.e.AbstractTransferListenerAdapter - Downloading https://repo.maven.apache.org/maven2/org/springframework/spring-beans/6.2.18/spring-beans-6.2.18-sources.jar
2026-05-24 17:16:43,190 [Worker-193: Download sources and javadoc] INFO  o.e.m.c.i.e.AbstractTransferListenerAdapter - Downloaded https://repo.maven.apache.org/maven2/org/springframework/spring-beans/6.2.18/spring-beans-6.2.18-sources.jar
2026-05-24 17:16:43,195 [Worker-193: Download sources and javadoc] INFO  o.e.m.j.internal.DownloadSourcesJob - Downloaded sources for org.springframework:spring-beans:6.2.18
2026-05-24 17:16:43,263 [Worker-193: Download sources and javadoc] INFO  o.e.m.c.i.e.AbstractTransferListenerAdapter - Downloading https://repo.maven.apache.org/maven2/io/micrometer/micrometer-observation/1.15.11/micrometer-observation-1.15.11-sources.jar
2026-05-24 17:16:43,279 [Worker-193: Download sources and javadoc] INFO  o.e.m.c.i.e.AbstractTransferListenerAdapter - Downloaded https://repo.maven.apache.org/maven2/io/micrometer/micrometer-observation/1.15.11/micrometer-observation-1.15.11-sources.jar
2026-05-24 17:16:43,284 [Worker-193: Download sources and javadoc] INFO  o.e.m.j.internal.DownloadSourcesJob - Downloaded sources for io.micrometer:micrometer-observation:1.15.11
2026-05-24 17:16:43,345 [Worker-193: Download sources and javadoc] INFO  o.e.m.c.i.e.AbstractTransferListenerAdapter - Downloading https://repo.maven.apache.org/maven2/io/micrometer/micrometer-commons/1.15.11/micrometer-commons-1.15.11-sources.jar
2026-05-24 17:16:43,390 [Worker-193: Download sources and javadoc] INFO  o.e.m.c.i.e.AbstractTransferListenerAdapter - Downloaded https://repo.maven.apache.org/maven2/io/micrometer/micrometer-commons/1.15.11/micrometer-commons-1.15.11-sources.jar
2026-05-24 17:16:43,394 [Worker-193: Download sources and javadoc] INFO  o.e.m.j.internal.DownloadSourcesJob - Downloaded sources for io.micrometer:micrometer-commons:1.15.11
2026-05-24 17:16:43,448 [Worker-193: Download sources and javadoc] INFO  o.e.m.c.i.e.AbstractTransferListenerAdapter - Downloading https://repo.maven.apache.org/maven2/org/springframework/spring-webmvc/6.2.18/spring-webmvc-6.2.18-sources.jar
2026-05-24 17:16:43,781 [Worker-193: Download sources and javadoc] INFO  o.e.m.c.i.e.AbstractTransferListenerAdapter - Downloaded https://repo.maven.apache.org/maven2/org/springframework/spring-webmvc/6.2.18/spring-webmvc-6.2.18-sources.jar
2026-05-24 17:16:43,785 [Worker-193: Download sources and javadoc] INFO  o.e.m.j.internal.DownloadSourcesJob - Downloaded sources for org.springframework:spring-webmvc:6.2.18
2026-05-24 17:16:44,072 [Worker-193: Download sources and javadoc] INFO  o.e.m.c.i.e.AbstractTransferListenerAdapter - Downloading https://repo.maven.apache.org/maven2/org/springframework/spring-aop/6.2.18/spring-aop-6.2.18-sources.jar
2026-05-24 17:16:44,227 [Worker-193: Download sources and javadoc] INFO  o.e.m.c.i.e.AbstractTransferListenerAdapter - Downloaded https://repo.maven.apache.org/maven2/org/springframework/spring-aop/6.2.18/spring-aop-6.2.18-sources.jar
2026-05-24 17:16:44,230 [Worker-193: Download sources and javadoc] INFO  o.e.m.j.internal.DownloadSourcesJob - Downloaded sources for org.springframework:spring-aop:6.2.18
2026-05-24 17:16:44,317 [Worker-193: Download sources and javadoc] INFO  o.e.m.c.i.e.AbstractTransferListenerAdapter - Downloading https://repo.maven.apache.org/maven2/org/springframework/spring-context/6.2.18/spring-context-6.2.18-sources.jar
2026-05-24 17:16:45,002 [Worker-193: Download sources and javadoc] INFO  o.e.m.c.i.e.AbstractTransferListenerAdapter - Downloaded https://repo.maven.apache.org/maven2/org/springframework/spring-context/6.2.18/spring-context-6.2.18-sources.jar
2026-05-24 17:16:45,006 [Worker-193: Download sources and javadoc] INFO  o.e.m.j.internal.DownloadSourcesJob - Downloaded sources for org.springframework:spring-context:6.2.18
2026-05-24 17:16:45,071 [Worker-193: Download sources and javadoc] INFO  o.e.m.c.i.e.AbstractTransferListenerAdapter - Downloading https://repo.maven.apache.org/maven2/org/springframework/spring-expression/6.2.18/spring-expression-6.2.18-sources.jar
2026-05-24 17:16:45,857 [Worker-193: Download sources and javadoc] INFO  o.e.m.c.i.e.AbstractTransferListenerAdapter - Downloaded https://repo.maven.apache.org/maven2/org/springframework/spring-expression/6.2.18/spring-expression-6.2.18-sources.jar
2026-05-24 17:16:45,861 [Worker-193: Download sources and javadoc] INFO  o.e.m.j.internal.DownloadSourcesJob - Downloaded sources for org.springframework:spring-expression:6.2.18
2026-05-24 17:16:45,938 [Worker-193: Download sources and javadoc] INFO  o.e.m.c.i.e.AbstractTransferListenerAdapter - Downloading https://repo.maven.apache.org/maven2/org/springframework/boot/spring-boot-starter-test/3.5.14/spring-boot-starter-test-3.5.14-sources.jar
2026-05-24 17:16:46,165 [Worker-193: Download sources and javadoc] INFO  o.e.m.c.i.e.AbstractTransferListenerAdapter - Downloaded https://repo.maven.apache.org/maven2/org/springframework/boot/spring-boot-starter-test/3.5.14/spring-boot-starter-test-3.5.14-sources.jar
2026-05-24 17:16:46,167 [Worker-193: Download sources and javadoc] INFO  o.e.m.j.internal.DownloadSourcesJob - Downloaded sources for org.springframework.boot:spring-boot-starter-test:3.5.14
2026-05-24 17:16:46,231 [Worker-193: Download sources and javadoc] INFO  o.e.m.c.i.e.AbstractTransferListenerAdapter - Downloading https://repo.maven.apache.org/maven2/org/springframework/boot/spring-boot-test/3.5.14/spring-boot-test-3.5.14-sources.jar
2026-05-24 17:16:46,307 [Worker-193: Download sources and javadoc] INFO  o.e.m.c.i.e.AbstractTransferListenerAdapter - Downloaded https://repo.maven.apache.org/maven2/org/springframework/boot/spring-boot-test/3.5.14/spring-boot-test-3.5.14-sources.jar
2026-05-24 17:16:46,313 [Worker-193: Download sources and javadoc] INFO  o.e.m.j.internal.DownloadSourcesJob - Downloaded sources for org.springframework.boot:spring-boot-test:3.5.14
2026-05-24 17:16:46,380 [Worker-193: Download sources and javadoc] INFO  o.e.m.c.i.e.AbstractTransferListenerAdapter - Downloading https://repo.maven.apache.org/maven2/org/springframework/boot/spring-boot-test-autoconfigure/3.5.14/spring-boot-test-autoconfigure-3.5.14-sources.jar
2026-05-24 17:16:46,480 [Worker-193: Download sources and javadoc] INFO  o.e.m.c.i.e.AbstractTransferListenerAdapter - Downloaded https://repo.maven.apache.org/maven2/org/springframework/boot/spring-boot-test-autoconfigure/3.5.14/spring-boot-test-autoconfigure-3.5.14-sources.jar
2026-05-24 17:16:46,483 [Worker-193: Download sources and javadoc] INFO  o.e.m.j.internal.DownloadSourcesJob - Downloaded sources for org.springframework.boot:spring-boot-test-autoconfigure:3.5.14
2026-05-24 17:16:46,537 [Worker-193: Download sources and javadoc] INFO  o.e.m.c.i.e.AbstractTransferListenerAdapter - Downloading https://repo.maven.apache.org/maven2/org/assertj/assertj-core/3.27.7/assertj-core-3.27.7-sources.jar
2026-05-24 17:16:46,997 [Worker-193: Download sources and javadoc] INFO  o.e.m.c.i.e.AbstractTransferListenerAdapter - Downloaded https://repo.maven.apache.org/maven2/org/assertj/assertj-core/3.27.7/assertj-core-3.27.7-sources.jar
2026-05-24 17:16:47,001 [Worker-193: Download sources and javadoc] INFO  o.e.m.j.internal.DownloadSourcesJob - Downloaded sources for org.assertj:assertj-core:3.27.7
2026-05-24 17:16:47,067 [Worker-193: Download sources and javadoc] INFO  o.e.m.c.i.e.AbstractTransferListenerAdapter - Downloading https://repo.maven.apache.org/maven2/org/springframework/spring-core/6.2.18/spring-core-6.2.18-sources.jar
2026-05-24 17:16:47,827 [Worker-193: Download sources and javadoc] INFO  o.e.m.c.i.e.AbstractTransferListenerAdapter - Downloaded https://repo.maven.apache.org/maven2/org/springframework/spring-core/6.2.18/spring-core-6.2.18-sources.jar
2026-05-24 17:16:47,832 [Worker-193: Download sources and javadoc] INFO  o.e.m.j.internal.DownloadSourcesJob - Downloaded sources for org.springframework:spring-core:6.2.18
2026-05-24 17:16:48,907 [Worker-193: Download sources and javadoc] INFO  o.e.m.c.i.e.AbstractTransferListenerAdapter - Downloading https://repo.maven.apache.org/maven2/org/springframework/spring-jcl/6.2.18/spring-jcl-6.2.18-sources.jar
2026-05-24 17:16:48,910 [Worker-193: Download sources and javadoc] INFO  o.e.m.c.i.e.AbstractTransferListenerAdapter - Downloaded https://repo.maven.apache.org/maven2/org/springframework/spring-jcl/6.2.18/spring-jcl-6.2.18-sources.jar
2026-05-24 17:16:48,913 [Worker-193: Download sources and javadoc] INFO  o.e.m.j.internal.DownloadSourcesJob - Downloaded sources for org.springframework:spring-jcl:6.2.18
2026-05-24 17:16:48,967 [Worker-193: Download sources and javadoc] INFO  o.e.m.c.i.e.AbstractTransferListenerAdapter - Downloading https://repo.maven.apache.org/maven2/org/springframework/spring-test/6.2.18/spring-test-6.2.18-sources.jar
2026-05-24 17:16:49,393 [Worker-193: Download sources and javadoc] INFO  o.e.m.c.i.e.AbstractTransferListenerAdapter - Downloaded https://repo.maven.apache.org/maven2/org/springframework/spring-test/6.2.18/spring-test-6.2.18-sources.jar
2026-05-24 17:16:49,396 [Worker-193: Download sources and javadoc] INFO  o.e.m.j.internal.DownloadSourcesJob - Downloaded sources for org.springframework:spring-test:6.2.18
2026-05-24 17:20:14,053 [Worker-195: reload maven project] INFO  o.e.m.c.i.e.AbstractTransferListenerAdapter - Downloading https://repo.maven.apache.org/maven2/org/codehaus/mojo/mojo-parent/50/mojo-parent-50.pom
2026-05-24 17:20:14,078 [Worker-195: reload maven project] INFO  o.e.m.c.i.e.AbstractTransferListenerAdapter - Downloaded https://repo.maven.apache.org/maven2/org/codehaus/mojo/mojo-parent/50/mojo-parent-50.pom
2026-05-24 17:21:34,082 [Worker-198: Building] INFO  o.a.m.s.f.DefaultMavenResourcesFiltering - Copying 1 resource from src\main\resources to target\classes
2026-05-24 17:21:34,096 [Worker-198: Building] INFO  o.a.m.s.f.DefaultMavenResourcesFiltering - Copying 0 resource from src\main\resources to target\classes
2026-05-24 17:21:34,104 [Worker-198: Building] INFO  o.a.m.s.f.DefaultMavenResourcesFiltering - skip non existing resourceDirectory C:\JBLD94\demo\demo\src\test\resources
2026-05-24 17:22:43,945 [Worker-200: Building] INFO  o.a.m.s.f.DefaultMavenResourcesFiltering - Copying 1 resource from src\main\resources to target\classes
2026-05-24 17:22:43,955 [Worker-200: Building] INFO  o.a.m.s.f.DefaultMavenResourcesFiltering - Copying 0 resource from src\main\resources to target\classes
2026-05-24 17:22:43,958 [Worker-200: Building] INFO  o.a.m.s.f.DefaultMavenResourcesFiltering - skip non existing resourceDirectory C:\JBLD94\demo\demo\src\test\resources
2026-05-24 17:34:38,652 [main] INFO  o.e.m.jdt.internal.UnitTestSupport - Updating DemoApplicationTests from maven configuration
2026-05-24 17:34:39,774 [main] INFO  o.e.m.c.i.e.AbstractTransferListenerAdapter - Downloading https://repo.maven.apache.org/maven2/org/apache/maven/surefire/surefire-api/3.5.5/surefire-api-3.5.5.pom
2026-05-24 17:34:39,778 [main] INFO  o.e.m.c.i.e.AbstractTransferListenerAdapter - Downloaded https://repo.maven.apache.org/maven2/org/apache/maven/surefire/surefire-api/3.5.5/surefire-api-3.5.5.pom
2026-05-24 17:34:39,816 [main] INFO  o.e.m.c.i.e.AbstractTransferListenerAdapter - Downloading https://repo.maven.apache.org/maven2/org/apache/maven/surefire/surefire-logger-api/3.5.5/surefire-logger-api-3.5.5.pom
2026-05-24 17:34:39,837 [main] INFO  o.e.m.c.i.e.AbstractTransferListenerAdapter - Downloaded https://repo.maven.apache.org/maven2/org/apache/maven/surefire/surefire-logger-api/3.5.5/surefire-logger-api-3.5.5.pom
2026-05-24 17:34:39,876 [main] INFO  o.e.m.c.i.e.AbstractTransferListenerAdapter - Downloading https://repo.maven.apache.org/maven2/org/apache/maven/surefire/surefire-shared-utils/3.5.5/surefire-shared-utils-3.5.5.pom
2026-05-24 17:34:39,880 [main] INFO  o.e.m.c.i.e.AbstractTransferListenerAdapter - Downloaded https://repo.maven.apache.org/maven2/org/apache/maven/surefire/surefire-shared-utils/3.5.5/surefire-shared-utils-3.5.5.pom
2026-05-24 17:34:39,935 [main] INFO  o.e.m.c.i.e.AbstractTransferListenerAdapter - Downloading https://repo.maven.apache.org/maven2/org/apache/maven/surefire/surefire-extensions-api/3.5.5/surefire-extensions-api-3.5.5.pom
2026-05-24 17:34:39,941 [main] INFO  o.e.m.c.i.e.AbstractTransferListenerAdapter - Downloaded https://repo.maven.apache.org/maven2/org/apache/maven/surefire/surefire-extensions-api/3.5.5/surefire-extensions-api-3.5.5.pom
2026-05-24 17:34:39,978 [main] INFO  o.e.m.c.i.e.AbstractTransferListenerAdapter - Downloading https://repo.maven.apache.org/maven2/org/apache/maven/surefire/maven-surefire-common/3.5.5/maven-surefire-common-3.5.5.pom
2026-05-24 17:34:39,981 [main] INFO  o.e.m.c.i.e.AbstractTransferListenerAdapter - Downloaded https://repo.maven.apache.org/maven2/org/apache/maven/surefire/maven-surefire-common/3.5.5/maven-surefire-common-3.5.5.pom
2026-05-24 17:34:40,020 [main] INFO  o.e.m.c.i.e.AbstractTransferListenerAdapter - Downloading https://repo.maven.apache.org/maven2/org/apache/maven/surefire/surefire-booter/3.5.5/surefire-booter-3.5.5.pom
2026-05-24 17:34:40,023 [main] INFO  o.e.m.c.i.e.AbstractTransferListenerAdapter - Downloaded https://repo.maven.apache.org/maven2/org/apache/maven/surefire/surefire-booter/3.5.5/surefire-booter-3.5.5.pom
2026-05-24 17:34:40,060 [main] INFO  o.e.m.c.i.e.AbstractTransferListenerAdapter - Downloading https://repo.maven.apache.org/maven2/org/apache/maven/surefire/surefire-extensions-spi/3.5.5/surefire-extensions-spi-3.5.5.pom
2026-05-24 17:34:40,063 [main] INFO  o.e.m.c.i.e.AbstractTransferListenerAdapter - Downloaded https://repo.maven.apache.org/maven2/org/apache/maven/surefire/surefire-extensions-spi/3.5.5/surefire-extensions-spi-3.5.5.pom
2026-05-24 17:34:40,126 [main] INFO  o.e.m.c.i.e.AbstractTransferListenerAdapter - Downloading https://repo.maven.apache.org/maven2/org/codehaus/plexus/plexus-java/1.5.2/plexus-java-1.5.2.pom
2026-05-24 17:34:40,148 [main] INFO  o.e.m.c.i.e.AbstractTransferListenerAdapter - Downloaded https://repo.maven.apache.org/maven2/org/codehaus/plexus/plexus-java/1.5.2/plexus-java-1.5.2.pom
2026-05-24 17:34:40,189 [main] INFO  o.e.m.c.i.e.AbstractTransferListenerAdapter - Downloading https://repo.maven.apache.org/maven2/org/codehaus/plexus/plexus-languages/1.5.2/plexus-languages-1.5.2.pom
2026-05-24 17:34:40,194 [main] INFO  o.e.m.c.i.e.AbstractTransferListenerAdapter - Downloaded https://repo.maven.apache.org/maven2/org/codehaus/plexus/plexus-languages/1.5.2/plexus-languages-1.5.2.pom
2026-05-24 17:34:40,232 [main] INFO  o.e.m.c.i.e.AbstractTransferListenerAdapter - Downloading https://repo.maven.apache.org/maven2/org/codehaus/plexus/plexus/24/plexus-24.pom
2026-05-24 17:34:40,248 [main] INFO  o.e.m.c.i.e.AbstractTransferListenerAdapter - Downloaded https://repo.maven.apache.org/maven2/org/codehaus/plexus/plexus/24/plexus-24.pom
2026-05-24 17:34:40,290 [main] INFO  o.e.m.c.i.e.AbstractTransferListenerAdapter - Downloading https://repo.maven.apache.org/maven2/org/ow2/asm/asm/9.9.1/asm-9.9.1.pom
2026-05-24 17:34:40,317 [main] INFO  o.e.m.c.i.e.AbstractTransferListenerAdapter - Downloaded https://repo.maven.apache.org/maven2/org/ow2/asm/asm/9.9.1/asm-9.9.1.pom
2026-05-24 17:34:40,368 [main] INFO  o.e.m.c.i.e.AbstractTransferListenerAdapter - Downloading https://repo.maven.apache.org/maven2/org/apache/maven/surefire/surefire-api/3.5.5/surefire-api-3.5.5.jar
2026-05-24 17:34:40,488 [main] INFO  o.e.m.c.i.e.AbstractTransferListenerAdapter - Downloaded https://repo.maven.apache.org/maven2/org/apache/maven/surefire/surefire-api/3.5.5/surefire-api-3.5.5.jar
2026-05-24 17:34:40,536 [BasicRepositoryConnector-repo.maven.apache.org-2-0] INFO  o.e.m.c.i.e.AbstractTransferListenerAdapter - Downloading https://repo.maven.apache.org/maven2/org/apache/maven/surefire/surefire-logger-api/3.5.5/surefire-logger-api-3.5.5.jar
2026-05-24 17:34:40,541 [BasicRepositoryConnector-repo.maven.apache.org-2-1] INFO  o.e.m.c.i.e.AbstractTransferListenerAdapter - Downloading https://repo.maven.apache.org/maven2/org/apache/maven/surefire/surefire-shared-utils/3.5.5/surefire-shared-utils-3.5.5.jar
2026-05-24 17:34:40,556 [BasicRepositoryConnector-repo.maven.apache.org-2-3] INFO  o.e.m.c.i.e.AbstractTransferListenerAdapter - Downloading https://repo.maven.apache.org/maven2/org/apache/maven/surefire/maven-surefire-common/3.5.5/maven-surefire-common-3.5.5.jar
2026-05-24 17:34:40,733 [BasicRepositoryConnector-repo.maven.apache.org-2-3] INFO  o.e.m.c.i.e.AbstractTransferListenerAdapter - Downloaded https://repo.maven.apache.org/maven2/org/apache/maven/surefire/maven-surefire-common/3.5.5/maven-surefire-common-3.5.5.jar
2026-05-24 17:34:40,760 [BasicRepositoryConnector-repo.maven.apache.org-2-0] INFO  o.e.m.c.i.e.AbstractTransferListenerAdapter - Downloaded https://repo.maven.apache.org/maven2/org/apache/maven/surefire/surefire-logger-api/3.5.5/surefire-logger-api-3.5.5.jar
2026-05-24 17:34:40,761 [BasicRepositoryConnector-repo.maven.apache.org-2-3] INFO  o.e.m.c.i.e.AbstractTransferListenerAdapter - Downloading https://repo.maven.apache.org/maven2/org/apache/maven/surefire/surefire-extensions-spi/3.5.5/surefire-extensions-spi-3.5.5.jar
2026-05-24 17:34:40,764 [BasicRepositoryConnector-repo.maven.apache.org-2-3] INFO  o.e.m.c.i.e.AbstractTransferListenerAdapter - Downloaded https://repo.maven.apache.org/maven2/org/apache/maven/surefire/surefire-extensions-spi/3.5.5/surefire-extensions-spi-3.5.5.jar
2026-05-24 17:34:40,771 [BasicRepositoryConnector-repo.maven.apache.org-2-2] INFO  o.e.m.c.i.e.AbstractTransferListenerAdapter - Downloading https://repo.maven.apache.org/maven2/org/apache/maven/surefire/surefire-extensions-api/3.5.5/surefire-extensions-api-3.5.5.jar
2026-05-24 17:34:40,787 [BasicRepositoryConnector-repo.maven.apache.org-2-4] INFO  o.e.m.c.i.e.AbstractTransferListenerAdapter - Downloading https://repo.maven.apache.org/maven2/org/apache/maven/surefire/surefire-booter/3.5.5/surefire-booter-3.5.5.jar
2026-05-24 17:34:40,805 [BasicRepositoryConnector-repo.maven.apache.org-2-2] INFO  o.e.m.c.i.e.AbstractTransferListenerAdapter - Downloaded https://repo.maven.apache.org/maven2/org/apache/maven/surefire/surefire-extensions-api/3.5.5/surefire-extensions-api-3.5.5.jar
2026-05-24 17:34:40,805 [BasicRepositoryConnector-repo.maven.apache.org-2-0] INFO  o.e.m.c.i.e.AbstractTransferListenerAdapter - Downloading https://repo.maven.apache.org/maven2/org/codehaus/plexus/plexus-java/1.5.2/plexus-java-1.5.2.jar
2026-05-24 17:34:40,806 [BasicRepositoryConnector-repo.maven.apache.org-2-3] INFO  o.e.m.c.i.e.AbstractTransferListenerAdapter - Downloading https://repo.maven.apache.org/maven2/org/ow2/asm/asm/9.9.1/asm-9.9.1.jar
2026-05-24 17:34:40,816 [BasicRepositoryConnector-repo.maven.apache.org-2-4] INFO  o.e.m.c.i.e.AbstractTransferListenerAdapter - Downloaded https://repo.maven.apache.org/maven2/org/apache/maven/surefire/surefire-booter/3.5.5/surefire-booter-3.5.5.jar
2026-05-24 17:34:40,831 [BasicRepositoryConnector-repo.maven.apache.org-2-0] INFO  o.e.m.c.i.e.AbstractTransferListenerAdapter - Downloaded https://repo.maven.apache.org/maven2/org/codehaus/plexus/plexus-java/1.5.2/plexus-java-1.5.2.jar
2026-05-24 17:34:40,877 [BasicRepositoryConnector-repo.maven.apache.org-2-3] INFO  o.e.m.c.i.e.AbstractTransferListenerAdapter - Downloaded https://repo.maven.apache.org/maven2/org/ow2/asm/asm/9.9.1/asm-9.9.1.jar
2026-05-24 17:34:41,603 [BasicRepositoryConnector-repo.maven.apache.org-2-1] INFO  o.e.m.c.i.e.AbstractTransferListenerAdapter - Downloaded https://repo.maven.apache.org/maven2/org/apache/maven/surefire/surefire-shared-utils/3.5.5/surefire-shared-utils-3.5.5.jar
2026-05-24 17:38:29,224 [Worker-206: Building] INFO  o.a.m.s.f.DefaultMavenResourcesFiltering - Copying 1 resource from src\main\resources to target\classes
2026-05-24 17:38:29,228 [Worker-206: Building] INFO  o.a.m.s.f.DefaultMavenResourcesFiltering - Copying 0 resource from src\main\resources to target\classes
2026-05-24 17:38:29,232 [Worker-206: Building] INFO  o.a.m.s.f.DefaultMavenResourcesFiltering - skip non existing resourceDirectory C:\JBLD94\demo\demo\src\test\resources
2026-05-24 17:40:17,200 [Worker-202: Building] INFO  o.a.m.s.f.DefaultMavenResourcesFiltering - Copying 1 resource from src\main\resources to target\classes
2026-05-24 17:40:17,216 [Worker-202: Building] INFO  o.a.m.s.f.DefaultMavenResourcesFiltering - Copying 0 resource from src\main\resources to target\classes
2026-05-24 17:40:17,221 [Worker-202: Building] INFO  o.a.m.s.f.DefaultMavenResourcesFiltering - skip non existing resourceDirectory C:\gfg-2\springBoot\DI\DI\src\test\resources
2026-05-24 17:42:16,846 [Worker-204: Building] INFO  o.a.m.s.f.DefaultMavenResourcesFiltering - Copying 1 resource from src\main\resources to target\classes
2026-05-24 17:42:16,852 [Worker-204: Building] INFO  o.a.m.s.f.DefaultMavenResourcesFiltering - Copying 0 resource from src\main\resources to target\classes
2026-05-24 17:42:16,855 [Worker-204: Building] INFO  o.a.m.s.f.DefaultMavenResourcesFiltering - skip non existing resourceDirectory C:\gfg-2\springBoot\DI\DI\src\test\resources
2026-05-24 17:43:45,208 [Worker-202: Building] INFO  o.a.m.s.f.DefaultMavenResourcesFiltering - Copying 1 resource from src\main\resources to target\classes
2026-05-24 17:43:45,211 [Worker-202: Building] INFO  o.a.m.s.f.DefaultMavenResourcesFiltering - Copying 0 resource from src\main\resources to target\classes
2026-05-24 17:43:45,214 [Worker-202: Building] INFO  o.a.m.s.f.DefaultMavenResourcesFiltering - skip non existing resourceDirectory C:\gfg-2\springBoot\DI\DI\src\test\resources
2026-05-24 17:44:27,202 [Worker-206: Building] INFO  o.a.m.s.f.DefaultMavenResourcesFiltering - Copying 1 resource from src\main\resources to target\classes
2026-05-24 17:44:27,207 [Worker-206: Building] INFO  o.a.m.s.f.DefaultMavenResourcesFiltering - Copying 0 resource from src\main\resources to target\classes
2026-05-24 17:44:27,210 [Worker-206: Building] INFO  o.a.m.s.f.DefaultMavenResourcesFiltering - skip non existing resourceDirectory C:\gfg-2\springBoot\DI\DI\src\test\resources
2026-05-24 17:45:20,259 [Worker-207: Building] INFO  o.a.m.s.f.DefaultMavenResourcesFiltering - Copying 1 resource from src\main\resources to target\classes
2026-05-24 17:45:20,264 [Worker-207: Building] INFO  o.a.m.s.f.DefaultMavenResourcesFiltering - Copying 0 resource from src\main\resources to target\classes
2026-05-24 17:45:20,267 [Worker-207: Building] INFO  o.a.m.s.f.DefaultMavenResourcesFiltering - skip non existing resourceDirectory C:\gfg-2\springBoot\DI\DI\src\test\resources
2026-05-24 17:45:32,420 [Worker-207: Building] INFO  o.a.m.s.f.DefaultMavenResourcesFiltering - Copying 1 resource from src\main\resources to target\classes
2026-05-24 17:45:32,422 [Worker-207: Building] INFO  o.a.m.s.f.DefaultMavenResourcesFiltering - Copying 0 resource from src\main\resources to target\classes
2026-05-24 17:45:32,426 [Worker-207: Building] INFO  o.a.m.s.f.DefaultMavenResourcesFiltering - skip non existing resourceDirectory C:\gfg-2\springBoot\DI\DI\src\test\resources
2026-05-24 17:45:54,676 [Worker-207: Building] INFO  o.a.m.s.f.DefaultMavenResourcesFiltering - Copying 1 resource from src\main\resources to target\classes
2026-05-24 17:45:54,679 [Worker-207: Building] INFO  o.a.m.s.f.DefaultMavenResourcesFiltering - Copying 0 resource from src\main\resources to target\classes
2026-05-24 17:45:54,683 [Worker-207: Building] INFO  o.a.m.s.f.DefaultMavenResourcesFiltering - skip non existing resourceDirectory C:\gfg-2\springBoot\DI\DI\src\test\resources
2026-05-24 17:59:31,198 [Worker-210: Building] INFO  o.e.m.c.i.embedder.EclipseLogger - Using 'UTF-8' encoding to copy filtered resources.
2026-05-24 17:59:31,198 [Worker-210: Building] INFO  o.e.m.c.i.embedder.EclipseLogger - Using 'UTF-8' encoding to copy filtered properties files.
2026-05-24 17:59:31,203 [Worker-210: Building] INFO  o.e.m.c.i.embedder.EclipseLogger - Copying 1 resource
2026-05-24 17:59:31,227 [Worker-210: Building] INFO  o.e.m.c.i.embedder.EclipseLogger - Copying 1 resource
2026-05-24 17:59:31,235 [Worker-210: Building] INFO  o.e.m.c.i.embedder.EclipseLogger - Using 'UTF-8' encoding to copy filtered resources.
2026-05-24 17:59:31,235 [Worker-210: Building] INFO  o.e.m.c.i.embedder.EclipseLogger - Using 'UTF-8' encoding to copy filtered properties files.
2026-05-24 17:59:31,235 [Worker-210: Building] INFO  o.e.m.c.i.embedder.EclipseLogger - skip non existing resourceDirectory C:\JBLD94\InfyBankLogin_SpringMVC\src\test\resources
2026-05-24 18:18:01,389 [Worker-213: Importing Maven projects] INFO  o.e.m.c.i.l.LifecycleMappingFactory - Using org.eclipse.m2e.jdt.JarLifecycleMapping lifecycle mapping for MavenProject: com.example:EmployeeManagementSystem:0.0.1-SNAPSHOT @ C:\JBLD94\EmployeeManagementSystem\pom.xml.
2026-05-24 18:18:01,884 [Worker-213: Importing Maven projects] INFO  o.e.m.j.i.AbstractJavaProjectConfigurator - Adding source folder /EmployeeManagementSystem/src/main/java
2026-05-24 18:18:01,885 [Worker-213: Importing Maven projects] INFO  o.e.m.j.i.AbstractJavaProjectConfigurator - Adding resource folder /EmployeeManagementSystem/src/main/resources
2026-05-24 18:18:01,885 [Worker-213: Importing Maven projects] INFO  o.e.m.j.i.AbstractJavaProjectConfigurator - Adding resource folder /EmployeeManagementSystem/src/main/resources
2026-05-24 18:18:01,887 [Worker-213: Importing Maven projects] INFO  o.e.m.j.i.AbstractJavaProjectConfigurator - Adding source folder /EmployeeManagementSystem/src/test/java
2026-05-24 18:18:01,887 [Worker-213: Importing Maven projects] INFO  o.e.m.j.i.AbstractJavaProjectConfigurator - Adding resource folder /EmployeeManagementSystem/src/test/resources
2026-05-24 18:18:02,064 [Worker-213: Importing Maven projects] INFO  o.e.m.c.i.p.ProjectConfigurationManager - Imported and configured 1 project(s) in 1 sec
2026-05-24 18:18:02,601 [Worker-209: Building] INFO  o.a.m.s.f.DefaultMavenResourcesFiltering - Copying 1 resource from src\main\resources to target\classes
2026-05-24 18:18:02,623 [Worker-209: Building] INFO  o.a.m.s.f.DefaultMavenResourcesFiltering - Copying 0 resource from src\main\resources to target\classes
2026-05-24 18:18:02,631 [Worker-209: Building] INFO  o.a.m.s.f.DefaultMavenResourcesFiltering - skip non existing resourceDirectory C:\JBLD94\EmployeeManagementSystem\src\test\resources
2026-05-24 18:21:50,468 [Worker-221: Building] INFO  o.a.m.s.f.DefaultMavenResourcesFiltering - Copying 1 resource from src\main\resources to target\classes
2026-05-24 18:21:50,497 [Worker-221: Building] INFO  o.a.m.s.f.DefaultMavenResourcesFiltering - Copying 0 resource from src\main\resources to target\classes
2026-05-24 18:21:50,506 [Worker-221: Building] INFO  o.a.m.s.f.DefaultMavenResourcesFiltering - skip non existing resourceDirectory C:\JBLD94\EmployeeManagementSystem\src\test\resources
2026-05-24 18:21:55,563 [Worker-217: Building] INFO  o.a.m.s.f.DefaultMavenResourcesFiltering - Copying 1 resource from src\main\resources to target\classes
2026-05-24 18:21:55,568 [Worker-217: Building] INFO  o.a.m.s.f.DefaultMavenResourcesFiltering - Copying 0 resource from src\main\resources to target\classes
2026-05-24 18:21:55,571 [Worker-217: Building] INFO  o.a.m.s.f.DefaultMavenResourcesFiltering - skip non existing resourceDirectory C:\JBLD94\EmployeeManagementSystem\src\test\resources
2026-05-24 18:22:01,169 [Worker-220: Building] INFO  o.a.m.s.f.DefaultMavenResourcesFiltering - Copying 1 resource from src\main\resources to target\classes
2026-05-24 18:22:01,173 [Worker-220: Building] INFO  o.a.m.s.f.DefaultMavenResourcesFiltering - Copying 0 resource from src\main\resources to target\classes
2026-05-24 18:22:01,176 [Worker-220: Building] INFO  o.a.m.s.f.DefaultMavenResourcesFiltering - skip non existing resourceDirectory C:\JBLD94\EmployeeManagementSystem\src\test\resources
2026-05-24 18:22:36,573 [Worker-217: Building] INFO  o.a.m.s.f.DefaultMavenResourcesFiltering - Copying 1 resource from src\main\resources to target\classes
2026-05-24 18:22:36,576 [Worker-217: Building] INFO  o.a.m.s.f.DefaultMavenResourcesFiltering - Copying 0 resource from src\main\resources to target\classes
2026-05-24 18:22:36,578 [Worker-217: Building] INFO  o.a.m.s.f.DefaultMavenResourcesFiltering - skip non existing resourceDirectory C:\JBLD94\EmployeeManagementSystem\src\test\resources
2026-05-24 18:22:39,624 [Worker-206: Building] INFO  o.a.m.s.f.DefaultMavenResourcesFiltering - Copying 1 resource from src\main\resources to target\classes
2026-05-24 18:22:39,627 [Worker-206: Building] INFO  o.a.m.s.f.DefaultMavenResourcesFiltering - Copying 0 resource from src\main\resources to target\classes
2026-05-24 18:22:39,630 [Worker-206: Building] INFO  o.a.m.s.f.DefaultMavenResourcesFiltering - skip non existing resourceDirectory C:\JBLD94\EmployeeManagementSystem\src\test\resources
2026-05-24 18:22:46,698 [Worker-221: Building] INFO  o.a.m.s.f.DefaultMavenResourcesFiltering - Copying 1 resource from src\main\resources to target\classes
2026-05-24 18:22:46,702 [Worker-221: Building] INFO  o.a.m.s.f.DefaultMavenResourcesFiltering - Copying 0 resource from src\main\resources to target\classes
2026-05-24 18:22:46,705 [Worker-221: Building] INFO  o.a.m.s.f.DefaultMavenResourcesFiltering - skip non existing resourceDirectory C:\JBLD94\EmployeeManagementSystem\src\test\resources
2026-05-24 18:38:54,037 [Worker-222: Building] INFO  o.a.m.s.f.DefaultMavenResourcesFiltering - Copying 1 resource from src\main\resources to target\classes
2026-05-24 18:38:54,046 [Worker-222: Building] INFO  o.a.m.s.f.DefaultMavenResourcesFiltering - Copying 0 resource from src\main\resources to target\classes
2026-05-24 18:38:54,050 [Worker-222: Building] INFO  o.a.m.s.f.DefaultMavenResourcesFiltering - skip non existing resourceDirectory C:\JBLD94\EmployeeManagementSystem\src\test\resources
2026-05-24 18:38:56,443 [Worker-221: Building] INFO  o.a.m.s.f.DefaultMavenResourcesFiltering - Copying 1 resource from src\main\resources to target\classes
2026-05-24 18:38:56,447 [Worker-221: Building] INFO  o.a.m.s.f.DefaultMavenResourcesFiltering - Copying 0 resource from src\main\resources to target\classes
2026-05-24 18:38:56,451 [Worker-221: Building] INFO  o.a.m.s.f.DefaultMavenResourcesFiltering - skip non existing resourceDirectory C:\JBLD94\EmployeeManagementSystem\src\test\resources
2026-05-24 18:39:10,902 [Worker-220: Building] INFO  o.a.m.s.f.DefaultMavenResourcesFiltering - Copying 1 resource from src\main\resources to target\classes
2026-05-24 18:39:10,907 [Worker-220: Building] INFO  o.a.m.s.f.DefaultMavenResourcesFiltering - Copying 0 resource from src\main\resources to target\classes
2026-05-24 18:39:10,910 [Worker-220: Building] INFO  o.a.m.s.f.DefaultMavenResourcesFiltering - skip non existing resourceDirectory C:\JBLD94\EmployeeManagementSystem\src\test\resources
2026-05-24 18:39:54,186 [Worker-224: Building] INFO  o.a.m.s.f.DefaultMavenResourcesFiltering - Copying 1 resource from src\main\resources to target\classes
2026-05-24 18:39:54,190 [Worker-224: Building] INFO  o.a.m.s.f.DefaultMavenResourcesFiltering - Copying 0 resource from src\main\resources to target\classes
2026-05-24 18:39:54,194 [Worker-224: Building] INFO  o.a.m.s.f.DefaultMavenResourcesFiltering - skip non existing resourceDirectory C:\JBLD94\EmployeeManagementSystem\src\test\resources
2026-05-24 18:39:57,615 [Worker-222: Building] INFO  o.a.m.s.f.DefaultMavenResourcesFiltering - Copying 1 resource from src\main\resources to target\classes
2026-05-24 18:39:57,618 [Worker-222: Building] INFO  o.a.m.s.f.DefaultMavenResourcesFiltering - Copying 0 resource from src\main\resources to target\classes
2026-05-24 18:39:57,620 [Worker-222: Building] INFO  o.a.m.s.f.DefaultMavenResourcesFiltering - skip non existing resourceDirectory C:\JBLD94\EmployeeManagementSystem\src\test\resources
2026-05-24 18:45:53,722 [Worker-220: Building] INFO  o.a.m.s.f.DefaultMavenResourcesFiltering - Copying 1 resource from src\main\resources to target\classes
2026-05-24 18:45:53,728 [Worker-220: Building] INFO  o.a.m.s.f.DefaultMavenResourcesFiltering - Copying 0 resource from src\main\resources to target\classes
2026-05-24 18:45:53,731 [Worker-220: Building] INFO  o.a.m.s.f.DefaultMavenResourcesFiltering - skip non existing resourceDirectory C:\JBLD94\EmployeeManagementSystem\src\test\resources
2026-05-24 18:45:55,368 [Worker-222: Building] INFO  o.a.m.s.f.DefaultMavenResourcesFiltering - Copying 1 resource from src\main\resources to target\classes
2026-05-24 18:45:55,373 [Worker-222: Building] INFO  o.a.m.s.f.DefaultMavenResourcesFiltering - Copying 0 resource from src\main\resources to target\classes
2026-05-24 18:45:55,375 [Worker-222: Building] INFO  o.a.m.s.f.DefaultMavenResourcesFiltering - skip non existing resourceDirectory C:\JBLD94\EmployeeManagementSystem\src\test\resources
2026-05-24 18:46:05,458 [Worker-222: Building] INFO  o.a.m.s.f.DefaultMavenResourcesFiltering - Copying 1 resource from src\main\resources to target\classes
2026-05-24 18:46:05,462 [Worker-222: Building] INFO  o.a.m.s.f.DefaultMavenResourcesFiltering - Copying 0 resource from src\main\resources to target\classes
2026-05-24 18:46:05,464 [Worker-222: Building] INFO  o.a.m.s.f.DefaultMavenResourcesFiltering - skip non existing resourceDirectory C:\JBLD94\EmployeeManagementSystem\src\test\resources
2026-05-24 18:46:10,729 [Worker-222: Building] INFO  o.a.m.s.f.DefaultMavenResourcesFiltering - Copying 1 resource from src\main\resources to target\classes
2026-05-24 18:46:10,734 [Worker-222: Building] INFO  o.a.m.s.f.DefaultMavenResourcesFiltering - Copying 0 resource from src\main\resources to target\classes
2026-05-24 18:46:10,736 [Worker-222: Building] INFO  o.a.m.s.f.DefaultMavenResourcesFiltering - skip non existing resourceDirectory C:\JBLD94\EmployeeManagementSystem\src\test\resources
2026-05-24 18:46:17,432 [Worker-221: Building] INFO  o.a.m.s.f.DefaultMavenResourcesFiltering - Copying 1 resource from src\main\resources to target\classes
2026-05-24 18:46:17,435 [Worker-221: Building] INFO  o.a.m.s.f.DefaultMavenResourcesFiltering - Copying 0 resource from src\main\resources to target\classes
2026-05-24 18:46:17,438 [Worker-221: Building] INFO  o.a.m.s.f.DefaultMavenResourcesFiltering - skip non existing resourceDirectory C:\JBLD94\EmployeeManagementSystem\src\test\resources
2026-05-24 18:46:27,403 [Worker-223: Building] INFO  o.a.m.s.f.DefaultMavenResourcesFiltering - Copying 1 resource from src\main\resources to target\classes
2026-05-24 18:46:27,406 [Worker-223: Building] INFO  o.a.m.s.f.DefaultMavenResourcesFiltering - Copying 0 resource from src\main\resources to target\classes
2026-05-24 18:46:27,408 [Worker-223: Building] INFO  o.a.m.s.f.DefaultMavenResourcesFiltering - skip non existing resourceDirectory C:\JBLD94\EmployeeManagementSystem\src\test\resources
2026-05-24 18:47:14,152 [Worker-220: Building] INFO  o.a.m.s.f.DefaultMavenResourcesFiltering - Copying 1 resource from src\main\resources to target\classes
2026-05-24 18:47:14,155 [Worker-220: Building] INFO  o.a.m.s.f.DefaultMavenResourcesFiltering - Copying 0 resource from src\main\resources to target\classes
2026-05-24 18:47:14,157 [Worker-220: Building] INFO  o.a.m.s.f.DefaultMavenResourcesFiltering - skip non existing resourceDirectory C:\JBLD94\EmployeeManagementSystem\src\test\resources
2026-05-24 18:47:25,190 [Worker-224: Building] INFO  o.a.m.s.f.DefaultMavenResourcesFiltering - Copying 1 resource from src\main\resources to target\classes
2026-05-24 18:47:25,193 [Worker-224: Building] INFO  o.a.m.s.f.DefaultMavenResourcesFiltering - Copying 0 resource from src\main\resources to target\classes
2026-05-24 18:47:25,196 [Worker-224: Building] INFO  o.a.m.s.f.DefaultMavenResourcesFiltering - skip non existing resourceDirectory C:\JBLD94\EmployeeManagementSystem\src\test\resources
2026-05-24 18:47:45,919 [Worker-224: Building] INFO  o.a.m.s.f.DefaultMavenResourcesFiltering - Copying 1 resource from src\main\resources to target\classes
2026-05-24 18:47:45,923 [Worker-224: Building] INFO  o.a.m.s.f.DefaultMavenResourcesFiltering - Copying 0 resource from src\main\resources to target\classes
2026-05-24 18:47:45,925 [Worker-224: Building] INFO  o.a.m.s.f.DefaultMavenResourcesFiltering - skip non existing resourceDirectory C:\JBLD94\EmployeeManagementSystem\src\test\resources
2026-05-24 18:48:01,330 [Worker-222: Building] INFO  o.a.m.s.f.DefaultMavenResourcesFiltering - Copying 1 resource from src\main\resources to target\classes
2026-05-24 18:48:01,335 [Worker-222: Building] INFO  o.a.m.s.f.DefaultMavenResourcesFiltering - Copying 0 resource from src\main\resources to target\classes
2026-05-24 18:48:01,339 [Worker-222: Building] INFO  o.a.m.s.f.DefaultMavenResourcesFiltering - skip non existing resourceDirectory C:\JBLD94\EmployeeManagementSystem\src\test\resources
2026-05-24 18:48:08,361 [Worker-222: Building] INFO  o.a.m.s.f.DefaultMavenResourcesFiltering - Copying 1 resource from src\main\resources to target\classes
2026-05-24 18:48:08,366 [Worker-222: Building] INFO  o.a.m.s.f.DefaultMavenResourcesFiltering - Copying 0 resource from src\main\resources to target\classes
2026-05-24 18:48:08,370 [Worker-222: Building] INFO  o.a.m.s.f.DefaultMavenResourcesFiltering - skip non existing resourceDirectory C:\JBLD94\EmployeeManagementSystem\src\test\resources
2026-05-24 18:49:07,568 [Worker-221: Building] INFO  o.a.m.s.f.DefaultMavenResourcesFiltering - Copying 1 resource from src\main\resources to target\classes
2026-05-24 18:49:07,571 [Worker-221: Building] INFO  o.a.m.s.f.DefaultMavenResourcesFiltering - Copying 0 resource from src\main\resources to target\classes
2026-05-24 18:49:07,573 [Worker-221: Building] INFO  o.a.m.s.f.DefaultMavenResourcesFiltering - skip non existing resourceDirectory C:\JBLD94\EmployeeManagementSystem\src\test\resources
2026-05-24 18:50:11,780 [Worker-223: Building] INFO  o.a.m.s.f.DefaultMavenResourcesFiltering - Copying 1 resource from src\main\resources to target\classes
2026-05-24 18:50:11,786 [Worker-223: Building] INFO  o.a.m.s.f.DefaultMavenResourcesFiltering - Copying 0 resource from src\main\resources to target\classes
2026-05-24 18:50:11,789 [Worker-223: Building] INFO  o.a.m.s.f.DefaultMavenResourcesFiltering - skip non existing resourceDirectory C:\JBLD94\EmployeeManagementSystem\src\test\resources
2026-05-24 18:50:21,808 [Worker-220: Building] INFO  o.a.m.s.f.DefaultMavenResourcesFiltering - Copying 1 resource from src\main\resources to target\classes
2026-05-24 18:50:21,812 [Worker-220: Building] INFO  o.a.m.s.f.DefaultMavenResourcesFiltering - Copying 0 resource from src\main\resources to target\classes
2026-05-24 18:50:21,816 [Worker-220: Building] INFO  o.a.m.s.f.DefaultMavenResourcesFiltering - skip non existing resourceDirectory C:\JBLD94\EmployeeManagementSystem\src\test\resources
2026-05-24 18:50:29,481 [Worker-224: Building] INFO  o.a.m.s.f.DefaultMavenResourcesFiltering - Copying 1 resource from src\main\resources to target\classes
2026-05-24 18:50:29,484 [Worker-224: Building] INFO  o.a.m.s.f.DefaultMavenResourcesFiltering - Copying 0 resource from src\main\resources to target\classes
2026-05-24 18:50:29,487 [Worker-224: Building] INFO  o.a.m.s.f.DefaultMavenResourcesFiltering - skip non existing resourceDirectory C:\JBLD94\EmployeeManagementSystem\src\test\resources
2026-05-24 18:50:39,007 [Worker-225: Building] INFO  o.a.m.s.f.DefaultMavenResourcesFiltering - Copying 1 resource from src\main\resources to target\classes
2026-05-24 18:50:39,013 [Worker-225: Building] INFO  o.a.m.s.f.DefaultMavenResourcesFiltering - Copying 0 resource from src\main\resources to target\classes
2026-05-24 18:50:39,016 [Worker-225: Building] INFO  o.a.m.s.f.DefaultMavenResourcesFiltering - skip non existing resourceDirectory C:\JBLD94\EmployeeManagementSystem\src\test\resources
2026-05-24 18:50:51,972 [Worker-221: Building] INFO  o.a.m.s.f.DefaultMavenResourcesFiltering - Copying 1 resource from src\main\resources to target\classes
2026-05-24 18:50:51,978 [Worker-221: Building] INFO  o.a.m.s.f.DefaultMavenResourcesFiltering - Copying 0 resource from src\main\resources to target\classes
2026-05-24 18:50:51,982 [Worker-221: Building] INFO  o.a.m.s.f.DefaultMavenResourcesFiltering - skip non existing resourceDirectory C:\JBLD94\EmployeeManagementSystem\src\test\resources
2026-05-24 19:06:38,394 [Worker-223: Building] INFO  o.a.m.s.f.DefaultMavenResourcesFiltering - Copying 1 resource from src\main\resources to target\classes
2026-05-24 19:06:38,403 [Worker-223: Building] INFO  o.a.m.s.f.DefaultMavenResourcesFiltering - Copying 0 resource from src\main\resources to target\classes
2026-05-24 19:06:38,405 [Worker-223: Building] INFO  o.a.m.s.f.DefaultMavenResourcesFiltering - skip non existing resourceDirectory C:\JBLD94\EmployeeManagementSystem\src\test\resources
2026-05-24 19:08:41,994 [Worker-223: Building] INFO  o.a.m.s.f.DefaultMavenResourcesFiltering - Copying 1 resource from src\main\resources to target\classes
2026-05-24 19:08:42,000 [Worker-223: Building] INFO  o.a.m.s.f.DefaultMavenResourcesFiltering - Copying 0 resource from src\main\resources to target\classes
2026-05-24 19:08:42,004 [Worker-223: Building] INFO  o.a.m.s.f.DefaultMavenResourcesFiltering - skip non existing resourceDirectory C:\JBLD94\EmployeeManagementSystem\src\test\resources
2026-05-24 19:08:46,870 [Worker-223: Building] INFO  o.a.m.s.f.DefaultMavenResourcesFiltering - Copying 1 resource from src\main\resources to target\classes
2026-05-24 19:08:46,882 [Worker-223: Building] INFO  o.a.m.s.f.DefaultMavenResourcesFiltering - Copying 0 resource from src\main\resources to target\classes
2026-05-24 19:08:46,884 [Worker-223: Building] INFO  o.a.m.s.f.DefaultMavenResourcesFiltering - skip non existing resourceDirectory C:\JBLD94\EmployeeManagementSystem\src\test\resources
2026-05-24 19:09:31,724 [Worker-228: Building] INFO  o.a.m.s.f.DefaultMavenResourcesFiltering - Copying 1 resource from src\main\resources to target\classes
2026-05-24 19:09:31,732 [Worker-228: Building] INFO  o.a.m.s.f.DefaultMavenResourcesFiltering - Copying 0 resource from src\main\resources to target\classes
2026-05-24 19:09:31,735 [Worker-228: Building] INFO  o.a.m.s.f.DefaultMavenResourcesFiltering - skip non existing resourceDirectory C:\JBLD94\EmployeeManagementSystem\src\test\resources
2026-05-24 19:12:40,787 [Worker-227: Building] INFO  o.a.m.s.f.DefaultMavenResourcesFiltering - Copying 1 resource from src\main\resources to target\classes
2026-05-24 19:12:40,792 [Worker-227: Building] INFO  o.a.m.s.f.DefaultMavenResourcesFiltering - Copying 0 resource from src\main\resources to target\classes
2026-05-24 19:12:40,795 [Worker-227: Building] INFO  o.a.m.s.f.DefaultMavenResourcesFiltering - skip non existing resourceDirectory C:\JBLD94\EmployeeManagementSystem\src\test\resources
2026-05-24 19:12:41,914 [Worker-227: Building] INFO  o.a.m.s.f.DefaultMavenResourcesFiltering - Copying 1 resource from src\main\resources to target\classes
2026-05-24 19:12:41,920 [Worker-227: Building] INFO  o.a.m.s.f.DefaultMavenResourcesFiltering - Copying 0 resource from src\main\resources to target\classes
2026-05-24 19:12:41,922 [Worker-227: Building] INFO  o.a.m.s.f.DefaultMavenResourcesFiltering - skip non existing resourceDirectory C:\JBLD94\EmployeeManagementSystem\src\test\resources
2026-05-24 19:12:51,730 [Worker-231: Building] INFO  o.a.m.s.f.DefaultMavenResourcesFiltering - Copying 1 resource from src\main\resources to target\classes
2026-05-24 19:12:51,733 [Worker-231: Building] INFO  o.a.m.s.f.DefaultMavenResourcesFiltering - Copying 0 resource from src\main\resources to target\classes
2026-05-24 19:12:51,736 [Worker-231: Building] INFO  o.a.m.s.f.DefaultMavenResourcesFiltering - skip non existing resourceDirectory C:\JBLD94\EmployeeManagementSystem\src\test\resources
2026-05-24 19:13:04,389 [Worker-229: Building] INFO  o.a.m.s.f.DefaultMavenResourcesFiltering - Copying 1 resource from src\main\resources to target\classes
2026-05-24 19:13:04,395 [Worker-229: Building] INFO  o.a.m.s.f.DefaultMavenResourcesFiltering - Copying 0 resource from src\main\resources to target\classes
2026-05-24 19:13:04,397 [Worker-229: Building] INFO  o.a.m.s.f.DefaultMavenResourcesFiltering - skip non existing resourceDirectory C:\JBLD94\EmployeeManagementSystem\src\test\resources
2026-05-24 19:13:50,272 [Worker-228: Building] INFO  o.a.m.s.f.DefaultMavenResourcesFiltering - Copying 1 resource from src\main\resources to target\classes
2026-05-24 19:13:50,278 [Worker-228: Building] INFO  o.a.m.s.f.DefaultMavenResourcesFiltering - Copying 0 resource from src\main\resources to target\classes
2026-05-24 19:13:50,281 [Worker-228: Building] INFO  o.a.m.s.f.DefaultMavenResourcesFiltering - skip non existing resourceDirectory C:\JBLD94\EmployeeManagementSystem\src\test\resources
2026-05-24 19:14:05,723 [Worker-230: Building] INFO  o.a.m.s.f.DefaultMavenResourcesFiltering - Copying 1 resource from src\main\resources to target\classes
2026-05-24 19:14:05,727 [Worker-230: Building] INFO  o.a.m.s.f.DefaultMavenResourcesFiltering - Copying 0 resource from src\main\resources to target\classes
2026-05-24 19:14:05,729 [Worker-230: Building] INFO  o.a.m.s.f.DefaultMavenResourcesFiltering - skip non existing resourceDirectory C:\JBLD94\EmployeeManagementSystem\src\test\resources
2026-05-24 19:14:19,984 [Worker-231: Building] INFO  o.a.m.s.f.DefaultMavenResourcesFiltering - Copying 1 resource from src\main\resources to target\classes
2026-05-24 19:14:19,989 [Worker-231: Building] INFO  o.a.m.s.f.DefaultMavenResourcesFiltering - Copying 0 resource from src\main\resources to target\classes
2026-05-24 19:14:19,992 [Worker-231: Building] INFO  o.a.m.s.f.DefaultMavenResourcesFiltering - skip non existing resourceDirectory C:\JBLD94\EmployeeManagementSystem\src\test\resources
2026-05-24 19:14:50,146 [Worker-231: Building] INFO  o.a.m.s.f.DefaultMavenResourcesFiltering - Copying 1 resource from src\main\resources to target\classes
2026-05-24 19:14:50,149 [Worker-231: Building] INFO  o.a.m.s.f.DefaultMavenResourcesFiltering - Copying 0 resource from src\main\resources to target\classes
2026-05-24 19:14:50,151 [Worker-231: Building] INFO  o.a.m.s.f.DefaultMavenResourcesFiltering - skip non existing resourceDirectory C:\JBLD94\EmployeeManagementSystem\src\test\resources
2026-05-24 19:16:18,736 [Worker-227: Building] INFO  o.a.m.s.f.DefaultMavenResourcesFiltering - Copying 1 resource from src\main\resources to target\classes
2026-05-24 19:16:18,742 [Worker-227: Building] INFO  o.a.m.s.f.DefaultMavenResourcesFiltering - Copying 0 resource from src\main\resources to target\classes
2026-05-24 19:16:18,745 [Worker-227: Building] INFO  o.a.m.s.f.DefaultMavenResourcesFiltering - skip non existing resourceDirectory C:\JBLD94\EmployeeManagementSystem\src\test\resources
2026-05-24 19:17:17,291 [Worker-229: Building] INFO  o.a.m.s.f.DefaultMavenResourcesFiltering - Copying 1 resource from src\main\resources to target\classes
2026-05-24 19:17:17,295 [Worker-229: Building] INFO  o.a.m.s.f.DefaultMavenResourcesFiltering - Copying 0 resource from src\main\resources to target\classes
2026-05-24 19:17:17,297 [Worker-229: Building] INFO  o.a.m.s.f.DefaultMavenResourcesFiltering - skip non existing resourceDirectory C:\JBLD94\EmployeeManagementSystem\src\test\resources
2026-05-24 19:17:21,946 [Worker-231: Building] INFO  o.a.m.s.f.DefaultMavenResourcesFiltering - Copying 1 resource from src\main\resources to target\classes
2026-05-24 19:17:21,965 [Worker-231: Building] INFO  o.a.m.s.f.DefaultMavenResourcesFiltering - Copying 0 resource from src\main\resources to target\classes
2026-05-24 19:17:21,971 [Worker-231: Building] INFO  o.a.m.s.f.DefaultMavenResourcesFiltering - skip non existing resourceDirectory C:\JBLD94\EmployeeManagementSystem\src\test\resources
2026-05-24 19:17:41,874 [Worker-231: Building] INFO  o.a.m.s.f.DefaultMavenResourcesFiltering - Copying 1 resource from src\main\resources to target\classes
2026-05-24 19:17:41,878 [Worker-231: Building] INFO  o.a.m.s.f.DefaultMavenResourcesFiltering - Copying 0 resource from src\main\resources to target\classes
2026-05-24 19:17:41,881 [Worker-231: Building] INFO  o.a.m.s.f.DefaultMavenResourcesFiltering - skip non existing resourceDirectory C:\JBLD94\EmployeeManagementSystem\src\test\resources
2026-05-24 19:17:45,719 [Worker-227: Building] INFO  o.a.m.s.f.DefaultMavenResourcesFiltering - Copying 1 resource from src\main\resources to target\classes
2026-05-24 19:17:45,724 [Worker-227: Building] INFO  o.a.m.s.f.DefaultMavenResourcesFiltering - Copying 0 resource from src\main\resources to target\classes
2026-05-24 19:17:45,726 [Worker-227: Building] INFO  o.a.m.s.f.DefaultMavenResourcesFiltering - skip non existing resourceDirectory C:\JBLD94\EmployeeManagementSystem\src\test\resources
2026-05-24 19:18:17,167 [Worker-229: Launching EmployeeManagementSystemApplication] INFO  o.a.m.s.f.DefaultMavenResourcesFiltering - Copying 1 resource from src\main\resources to target\classes
2026-05-24 19:18:17,171 [Worker-229: Launching EmployeeManagementSystemApplication] INFO  o.a.m.s.f.DefaultMavenResourcesFiltering - Copying 0 resource from src\main\resources to target\classes
2026-05-24 19:18:17,175 [Worker-229: Launching EmployeeManagementSystemApplication] INFO  o.a.m.s.f.DefaultMavenResourcesFiltering - skip non existing resourceDirectory C:\JBLD94\EmployeeManagementSystem\src\test\resources
2026-05-24 19:23:35,135 [Worker-233: Building] INFO  o.a.m.s.f.DefaultMavenResourcesFiltering - Copying 1 resource from src\main\resources to target\classes
2026-05-24 19:23:35,141 [Worker-233: Building] INFO  o.a.m.s.f.DefaultMavenResourcesFiltering - Copying 0 resource from src\main\resources to target\classes
2026-05-24 19:23:35,145 [Worker-233: Building] INFO  o.a.m.s.f.DefaultMavenResourcesFiltering - skip non existing resourceDirectory C:\JBLD94\EmployeeManagementSystem\src\test\resources
2026-05-24 19:23:44,483 [Worker-234: Building] INFO  o.a.m.s.f.DefaultMavenResourcesFiltering - Copying 1 resource from src\main\resources to target\classes
2026-05-24 19:23:44,490 [Worker-234: Building] INFO  o.a.m.s.f.DefaultMavenResourcesFiltering - Copying 0 resource from src\main\resources to target\classes
2026-05-24 19:23:44,494 [Worker-234: Building] INFO  o.a.m.s.f.DefaultMavenResourcesFiltering - skip non existing resourceDirectory C:\JBLD94\EmployeeManagementSystem\src\test\resources
2026-05-24 19:25:00,198 [Worker-228: Building] INFO  o.a.m.s.f.DefaultMavenResourcesFiltering - Copying 1 resource from src\main\resources to target\classes
2026-05-24 19:25:00,205 [Worker-228: Building] INFO  o.a.m.s.f.DefaultMavenResourcesFiltering - Copying 0 resource from src\main\resources to target\classes
2026-05-24 19:25:00,209 [Worker-228: Building] INFO  o.a.m.s.f.DefaultMavenResourcesFiltering - skip non existing resourceDirectory C:\JBLD94\EmployeeManagementSystem\src\test\resources
2026-05-24 19:26:38,767 [Worker-234: Building] INFO  o.a.m.s.f.DefaultMavenResourcesFiltering - Copying 1 resource from src\main\resources to target\classes
2026-05-24 19:26:38,773 [Worker-234: Building] INFO  o.a.m.s.f.DefaultMavenResourcesFiltering - Copying 0 resource from src\main\resources to target\classes
2026-05-24 19:26:38,775 [Worker-234: Building] INFO  o.a.m.s.f.DefaultMavenResourcesFiltering - skip non existing resourceDirectory C:\JBLD94\EmployeeManagementSystem\src\test\resources
2026-05-24 19:26:40,872 [Worker-228: Building] INFO  o.a.m.s.f.DefaultMavenResourcesFiltering - Copying 1 resource from src\main\resources to target\classes
2026-05-24 19:26:40,880 [Worker-228: Building] INFO  o.a.m.s.f.DefaultMavenResourcesFiltering - Copying 0 resource from src\main\resources to target\classes
2026-05-24 19:26:40,883 [Worker-228: Building] INFO  o.a.m.s.f.DefaultMavenResourcesFiltering - skip non existing resourceDirectory C:\JBLD94\EmployeeManagementSystem\src\test\resources
2026-05-24 19:26:44,875 [Worker-236: Building] INFO  o.a.m.s.f.DefaultMavenResourcesFiltering - Copying 1 resource from src\main\resources to target\classes
2026-05-24 19:26:44,881 [Worker-236: Building] INFO  o.a.m.s.f.DefaultMavenResourcesFiltering - Copying 0 resource from src\main\resources to target\classes
2026-05-24 19:26:44,883 [Worker-236: Building] INFO  o.a.m.s.f.DefaultMavenResourcesFiltering - skip non existing resourceDirectory C:\JBLD94\EmployeeManagementSystem\src\test\resources
2026-05-24 19:27:02,251 [Worker-237: Building] INFO  o.a.m.s.f.DefaultMavenResourcesFiltering - Copying 1 resource from src\main\resources to target\classes
2026-05-24 19:27:02,256 [Worker-237: Building] INFO  o.a.m.s.f.DefaultMavenResourcesFiltering - Copying 0 resource from src\main\resources to target\classes
2026-05-24 19:27:02,259 [Worker-237: Building] INFO  o.a.m.s.f.DefaultMavenResourcesFiltering - skip non existing resourceDirectory C:\JBLD94\EmployeeManagementSystem\src\test\resources
2026-05-24 19:27:05,475 [Worker-234: Building] INFO  o.a.m.s.f.DefaultMavenResourcesFiltering - Copying 1 resource from src\main\resources to target\classes
2026-05-24 19:27:05,478 [Worker-234: Building] INFO  o.a.m.s.f.DefaultMavenResourcesFiltering - Copying 0 resource from src\main\resources to target\classes
2026-05-24 19:27:05,480 [Worker-234: Building] INFO  o.a.m.s.f.DefaultMavenResourcesFiltering - skip non existing resourceDirectory C:\JBLD94\EmployeeManagementSystem\src\test\resources
2026-05-24 19:27:35,341 [Worker-237: Building] INFO  o.a.m.s.f.DefaultMavenResourcesFiltering - Copying 1 resource from src\main\resources to target\classes
2026-05-24 19:27:35,345 [Worker-237: Building] INFO  o.a.m.s.f.DefaultMavenResourcesFiltering - Copying 0 resource from src\main\resources to target\classes
2026-05-24 19:27:35,348 [Worker-237: Building] INFO  o.a.m.s.f.DefaultMavenResourcesFiltering - skip non existing resourceDirectory C:\JBLD94\EmployeeManagementSystem\src\test\resources
2026-05-24 19:28:25,634 [Worker-234: Building] INFO  o.a.m.s.f.DefaultMavenResourcesFiltering - Copying 1 resource from src\main\resources to target\classes
2026-05-24 19:28:25,636 [Worker-234: Building] INFO  o.a.m.s.f.DefaultMavenResourcesFiltering - Copying 0 resource from src\main\resources to target\classes
2026-05-24 19:28:25,640 [Worker-234: Building] INFO  o.a.m.s.f.DefaultMavenResourcesFiltering - skip non existing resourceDirectory C:\JBLD94\EmployeeManagementSystem\src\test\resources
2026-05-24 19:28:33,256 [Worker-235: Building] INFO  o.a.m.s.f.DefaultMavenResourcesFiltering - Copying 1 resource from src\main\resources to target\classes
2026-05-24 19:28:33,261 [Worker-235: Building] INFO  o.a.m.s.f.DefaultMavenResourcesFiltering - Copying 0 resource from src\main\resources to target\classes
2026-05-24 19:28:33,264 [Worker-235: Building] INFO  o.a.m.s.f.DefaultMavenResourcesFiltering - skip non existing resourceDirectory C:\JBLD94\EmployeeManagementSystem\src\test\resources
2026-05-24 19:28:46,025 [Worker-228: Building] INFO  o.a.m.s.f.DefaultMavenResourcesFiltering - Copying 1 resource from src\main\resources to target\classes
2026-05-24 19:28:46,029 [Worker-228: Building] INFO  o.a.m.s.f.DefaultMavenResourcesFiltering - Copying 0 resource from src\main\resources to target\classes
2026-05-24 19:28:46,030 [Worker-228: Building] INFO  o.a.m.s.f.DefaultMavenResourcesFiltering - skip non existing resourceDirectory C:\JBLD94\EmployeeManagementSystem\src\test\resources
2026-05-24 19:28:58,116 [Worker-234: Building] INFO  o.a.m.s.f.DefaultMavenResourcesFiltering - Copying 1 resource from src\main\resources to target\classes
2026-05-24 19:28:58,120 [Worker-234: Building] INFO  o.a.m.s.f.DefaultMavenResourcesFiltering - Copying 0 resource from src\main\resources to target\classes
2026-05-24 19:28:58,121 [Worker-234: Building] INFO  o.a.m.s.f.DefaultMavenResourcesFiltering - skip non existing resourceDirectory C:\JBLD94\EmployeeManagementSystem\src\test\resources
2026-05-24 19:29:26,802 [Worker-238: Building] INFO  o.a.m.s.f.DefaultMavenResourcesFiltering - Copying 1 resource from src\main\resources to target\classes
2026-05-24 19:29:26,806 [Worker-238: Building] INFO  o.a.m.s.f.DefaultMavenResourcesFiltering - Copying 0 resource from src\main\resources to target\classes
2026-05-24 19:29:26,811 [Worker-238: Building] INFO  o.a.m.s.f.DefaultMavenResourcesFiltering - skip non existing resourceDirectory C:\JBLD94\EmployeeManagementSystem\src\test\resources
2026-05-25 20:57:38,592 [Worker-249: Building] INFO  o.a.m.s.f.DefaultMavenResourcesFiltering - Copying 0 resource from src\main\resources to target\classes
2026-05-25 20:57:38,725 [Worker-249: Building] INFO  o.a.m.s.f.DefaultMavenResourcesFiltering - Copying 0 resource from src\main\resources to target\classes
2026-05-25 20:57:38,738 [Worker-249: Building] INFO  o.a.m.s.f.DefaultMavenResourcesFiltering - skip non existing resourceDirectory C:\JBLD94\EmployeeManagementSystem\src\test\resources
2026-05-30 19:04:27,432 [Worker-300: Building] INFO  o.a.m.s.f.DefaultMavenResourcesFiltering - Copying 1 resource from src\main\resources to target\classes
2026-05-30 19:04:27,483 [Worker-300: Building] INFO  o.a.m.s.f.DefaultMavenResourcesFiltering - Copying 0 resource from src\main\resources to target\classes
2026-05-30 19:04:27,488 [Worker-300: Building] INFO  o.a.m.s.f.DefaultMavenResourcesFiltering - skip non existing resourceDirectory C:\JBLD94\EmployeeManagementSystem\src\test\resources
2026-05-30 19:05:33,666 [Worker-305: Building] INFO  o.e.m.c.i.l.LifecycleMappingFactory - Using org.eclipse.m2e.jdt.JarLifecycleMapping lifecycle mapping for MavenProject: com.example:EmployeeManagementSystem:0.0.1-SNAPSHOT @ C:\JBLD94\EmployeeManagementSystem\pom.xml.
2026-05-30 19:05:34,805 [Worker-305: Building] INFO  o.a.m.s.f.DefaultMavenResourcesFiltering - Copying 0 resource from src\main\resources to target\classes
2026-05-30 19:05:34,805 [Worker-305: Building] INFO  o.a.m.s.f.DefaultMavenResourcesFiltering - Copying 0 resource from src\main\resources to target\classes
2026-05-30 19:05:34,812 [Worker-305: Building] INFO  o.a.m.s.f.DefaultMavenResourcesFiltering - skip non existing resourceDirectory C:\JBLD94\EmployeeManagementSystem\src\test\resources
2026-05-30 19:05:35,631 [Worker-300: Building] INFO  o.a.m.s.f.DefaultMavenResourcesFiltering - Copying 1 resource from src\main\resources to target\classes
2026-05-30 19:05:35,664 [Worker-300: Building] INFO  o.a.m.s.f.DefaultMavenResourcesFiltering - Copying 0 resource from src\main\resources to target\classes
2026-05-30 19:05:35,666 [Worker-300: Building] INFO  o.a.m.s.f.DefaultMavenResourcesFiltering - skip non existing resourceDirectory C:\JBLD94\EmployeeManagementSystem\src\test\resources
2026-05-30 19:07:01,681 [Worker-308: Building] INFO  o.a.m.s.f.DefaultMavenResourcesFiltering - Copying 1 resource from src\main\resources to target\classes
2026-05-30 19:07:01,713 [Worker-308: Building] INFO  o.a.m.s.f.DefaultMavenResourcesFiltering - Copying 0 resource from src\main\resources to target\classes
2026-05-30 19:07:01,718 [Worker-308: Building] INFO  o.a.m.s.f.DefaultMavenResourcesFiltering - skip non existing resourceDirectory C:\JBLD94\EmployeeManagementSystem\src\test\resources
2026-05-30 19:09:11,370 [Worker-300: Building] INFO  o.a.m.s.f.DefaultMavenResourcesFiltering - Copying 1 resource from src\main\resources to target\classes
2026-05-30 19:09:11,394 [Worker-300: Building] INFO  o.a.m.s.f.DefaultMavenResourcesFiltering - Copying 0 resource from src\main\resources to target\classes
2026-05-30 19:09:11,399 [Worker-300: Building] INFO  o.a.m.s.f.DefaultMavenResourcesFiltering - skip non existing resourceDirectory C:\JBLD94\EmployeeManagementSystem\src\test\resources
2026-05-30 19:09:23,219 [Worker-305: Building] INFO  o.a.m.s.f.DefaultMavenResourcesFiltering - Copying 1 resource from src\main\resources to target\classes
2026-05-30 19:09:23,262 [Worker-305: Building] INFO  o.a.m.s.f.DefaultMavenResourcesFiltering - Copying 0 resource from src\main\resources to target\classes
2026-05-30 19:09:23,264 [Worker-305: Building] INFO  o.a.m.s.f.DefaultMavenResourcesFiltering - skip non existing resourceDirectory C:\JBLD94\EmployeeManagementSystem\src\test\resources
2026-05-30 19:09:43,078 [Worker-306: Building] INFO  o.a.m.s.f.DefaultMavenResourcesFiltering - Copying 1 resource from src\main\resources to target\classes
2026-05-30 19:09:43,119 [Worker-306: Building] INFO  o.a.m.s.f.DefaultMavenResourcesFiltering - Copying 0 resource from src\main\resources to target\classes
2026-05-30 19:09:43,124 [Worker-306: Building] INFO  o.a.m.s.f.DefaultMavenResourcesFiltering - skip non existing resourceDirectory C:\JBLD94\EmployeeManagementSystem\src\test\resources
2026-05-30 19:11:00,992 [Worker-308: Building] INFO  o.a.m.s.f.DefaultMavenResourcesFiltering - Copying 1 resource from src\main\resources to target\classes
2026-05-30 19:11:00,997 [Worker-308: Building] INFO  o.a.m.s.f.DefaultMavenResourcesFiltering - Copying 0 resource from src\main\resources to target\classes
2026-05-30 19:11:01,000 [Worker-308: Building] INFO  o.a.m.s.f.DefaultMavenResourcesFiltering - skip non existing resourceDirectory C:\JBLD94\EmployeeManagementSystem\src\test\resources
2026-05-30 19:11:07,401 [Worker-307: Building] INFO  o.a.m.s.f.DefaultMavenResourcesFiltering - Copying 1 resource from src\main\resources to target\classes
2026-05-30 19:11:07,404 [Worker-307: Building] INFO  o.a.m.s.f.DefaultMavenResourcesFiltering - Copying 0 resource from src\main\resources to target\classes
2026-05-30 19:11:07,408 [Worker-307: Building] INFO  o.a.m.s.f.DefaultMavenResourcesFiltering - skip non existing resourceDirectory C:\JBLD94\EmployeeManagementSystem\src\test\resources
2026-05-30 19:16:55,425 [Worker-304: Building] INFO  o.a.m.s.f.DefaultMavenResourcesFiltering - Copying 1 resource from src\main\resources to target\classes
2026-05-30 19:16:55,430 [Worker-304: Building] INFO  o.a.m.s.f.DefaultMavenResourcesFiltering - Copying 0 resource from src\main\resources to target\classes
2026-05-30 19:16:55,432 [Worker-304: Building] INFO  o.a.m.s.f.DefaultMavenResourcesFiltering - skip non existing resourceDirectory C:\JBLD94\EmployeeManagementSystem\src\test\resources
2026-05-30 19:17:11,395 [Worker-309: Building] INFO  o.a.m.s.f.DefaultMavenResourcesFiltering - Copying 1 resource from src\main\resources to target\classes
2026-05-30 19:17:11,404 [Worker-309: Building] INFO  o.a.m.s.f.DefaultMavenResourcesFiltering - Copying 0 resource from src\main\resources to target\classes
2026-05-30 19:17:11,407 [Worker-309: Building] INFO  o.a.m.s.f.DefaultMavenResourcesFiltering - skip non existing resourceDirectory C:\JBLD94\EmployeeManagementSystem\src\test\resources
2026-05-30 19:19:31,402 [Worker-304: Building] INFO  o.a.m.s.f.DefaultMavenResourcesFiltering - Copying 1 resource from src\main\resources to target\classes
2026-05-30 19:19:31,413 [Worker-304: Building] INFO  o.a.m.s.f.DefaultMavenResourcesFiltering - Copying 0 resource from src\main\resources to target\classes
2026-05-30 19:19:31,415 [Worker-304: Building] INFO  o.a.m.s.f.DefaultMavenResourcesFiltering - skip non existing resourceDirectory C:\JBLD94\EmployeeManagementSystem\src\test\resources
2026-05-30 19:19:44,249 [Worker-304: Building] INFO  o.a.m.s.f.DefaultMavenResourcesFiltering - Copying 1 resource from src\main\resources to target\classes
2026-05-30 19:19:44,259 [Worker-304: Building] INFO  o.a.m.s.f.DefaultMavenResourcesFiltering - Copying 0 resource from src\main\resources to target\classes
2026-05-30 19:19:44,264 [Worker-304: Building] INFO  o.a.m.s.f.DefaultMavenResourcesFiltering - skip non existing resourceDirectory C:\JBLD94\EmployeeManagementSystem\src\test\resources
2026-05-30 19:20:47,673 [Worker-310: Building] INFO  o.a.m.s.f.DefaultMavenResourcesFiltering - Copying 1 resource from src\main\resources to target\classes
2026-05-30 19:20:47,678 [Worker-310: Building] INFO  o.a.m.s.f.DefaultMavenResourcesFiltering - Copying 0 resource from src\main\resources to target\classes
2026-05-30 19:20:47,680 [Worker-310: Building] INFO  o.a.m.s.f.DefaultMavenResourcesFiltering - skip non existing resourceDirectory C:\JBLD94\EmployeeManagementSystem\src\test\resources
2026-05-30 19:21:39,664 [Worker-308: Building] INFO  o.a.m.s.f.DefaultMavenResourcesFiltering - Copying 1 resource from src\main\resources to target\classes
2026-05-30 19:21:39,666 [Worker-308: Building] INFO  o.a.m.s.f.DefaultMavenResourcesFiltering - Copying 0 resource from src\main\resources to target\classes
2026-05-30 19:21:39,668 [Worker-308: Building] INFO  o.a.m.s.f.DefaultMavenResourcesFiltering - skip non existing resourceDirectory C:\JBLD94\EmployeeManagementSystem\src\test\resources
2026-05-30 19:22:21,232 [Worker-304: Building] INFO  o.a.m.s.f.DefaultMavenResourcesFiltering - Copying 1 resource from src\main\resources to target\classes
2026-05-30 19:22:21,238 [Worker-304: Building] INFO  o.a.m.s.f.DefaultMavenResourcesFiltering - Copying 0 resource from src\main\resources to target\classes
2026-05-30 19:22:21,240 [Worker-304: Building] INFO  o.a.m.s.f.DefaultMavenResourcesFiltering - skip non existing resourceDirectory C:\JBLD94\EmployeeManagementSystem\src\test\resources
2026-05-30 19:25:15,873 [Worker-309: Building] INFO  o.a.m.s.f.DefaultMavenResourcesFiltering - Copying 1 resource from src\main\resources to target\classes
2026-05-30 19:25:15,879 [Worker-309: Building] INFO  o.a.m.s.f.DefaultMavenResourcesFiltering - Copying 0 resource from src\main\resources to target\classes
2026-05-30 19:25:15,882 [Worker-309: Building] INFO  o.a.m.s.f.DefaultMavenResourcesFiltering - skip non existing resourceDirectory C:\JBLD94\EmployeeManagementSystem\src\test\resources
2026-05-30 19:25:32,613 [Worker-310: Building] INFO  o.a.m.s.f.DefaultMavenResourcesFiltering - Copying 1 resource from src\main\resources to target\classes
2026-05-30 19:25:32,618 [Worker-310: Building] INFO  o.a.m.s.f.DefaultMavenResourcesFiltering - Copying 0 resource from src\main\resources to target\classes
2026-05-30 19:25:32,620 [Worker-310: Building] INFO  o.a.m.s.f.DefaultMavenResourcesFiltering - skip non existing resourceDirectory C:\JBLD94\EmployeeManagementSystem\src\test\resources
2026-05-30 19:25:39,786 [Worker-310: Building] INFO  o.a.m.s.f.DefaultMavenResourcesFiltering - Copying 1 resource from src\main\resources to target\classes
2026-05-30 19:25:39,789 [Worker-310: Building] INFO  o.a.m.s.f.DefaultMavenResourcesFiltering - Copying 0 resource from src\main\resources to target\classes
2026-05-30 19:25:39,791 [Worker-310: Building] INFO  o.a.m.s.f.DefaultMavenResourcesFiltering - skip non existing resourceDirectory C:\JBLD94\EmployeeManagementSystem\src\test\resources
2026-05-30 19:26:25,350 [Worker-309: Building] INFO  o.a.m.s.f.DefaultMavenResourcesFiltering - Copying 1 resource from src\main\resources to target\classes
2026-05-30 19:26:25,355 [Worker-309: Building] INFO  o.a.m.s.f.DefaultMavenResourcesFiltering - Copying 0 resource from src\main\resources to target\classes
2026-05-30 19:26:25,358 [Worker-309: Building] INFO  o.a.m.s.f.DefaultMavenResourcesFiltering - skip non existing resourceDirectory C:\JBLD94\EmployeeManagementSystem\src\test\resources
2026-05-30 19:27:05,730 [Worker-307: Building] INFO  o.a.m.s.f.DefaultMavenResourcesFiltering - Copying 1 resource from src\main\resources to target\classes
2026-05-30 19:27:05,733 [Worker-307: Building] INFO  o.a.m.s.f.DefaultMavenResourcesFiltering - Copying 0 resource from src\main\resources to target\classes
2026-05-30 19:27:05,735 [Worker-307: Building] INFO  o.a.m.s.f.DefaultMavenResourcesFiltering - skip non existing resourceDirectory C:\JBLD94\EmployeeManagementSystem\src\test\resources
2026-05-30 19:34:12,556 [Worker-312: Building] INFO  o.a.m.s.f.DefaultMavenResourcesFiltering - Copying 1 resource from src\main\resources to target\classes
2026-05-30 19:34:12,562 [Worker-312: Building] INFO  o.a.m.s.f.DefaultMavenResourcesFiltering - Copying 0 resource from src\main\resources to target\classes
2026-05-30 19:34:12,566 [Worker-312: Building] INFO  o.a.m.s.f.DefaultMavenResourcesFiltering - skip non existing resourceDirectory C:\JBLD94\EmployeeManagementSystem\src\test\resources
2026-05-30 19:41:05,573 [Worker-304: Building] INFO  o.a.m.s.f.DefaultMavenResourcesFiltering - Copying 0 resource from src\main\resources to target\classes
2026-05-30 19:41:05,575 [Worker-304: Building] INFO  o.a.m.s.f.DefaultMavenResourcesFiltering - Copying 0 resource from src\main\resources to target\classes
2026-05-30 19:41:05,578 [Worker-304: Building] INFO  o.a.m.s.f.DefaultMavenResourcesFiltering - skip non existing resourceDirectory C:\JBLD94\EmployeeManagementSystem\src\test\resources
